,Date,y
0,2013/01/01,31520
1,2013/01/02,31520
2,2013/01/03,30860
3,2013/01/04,30500
4,2013/01/07,30400
5,2013/01/08,30000
6,2013/01/09,30000
7,2013/01/10,30600
8,2013/01/11,30660
9,2013/01/14,31040
10,2013/01/15,30240
11,2013/01/16,29840
12,2013/01/17,29380
13,2013/01/18,29600
14,2013/01/21,29080
15,2013/01/22,29600
16,2013/01/23,29460
17,2013/01/24,29060
18,2013/01/25,28340
19,2013/01/28,27440
20,2013/01/29,28180
21,2013/01/30,28800
22,2013/01/31,28960
23,2013/02/01,28820
24,2013/02/04,28740
25,2013/02/05,28700
26,2013/02/06,28540
27,2013/02/07,28400
28,2013/02/08,29240
29,2013/02/11,29240
30,2013/02/12,29360
31,2013/02/13,29740
32,2013/02/14,29800
33,2013/02/15,29960
34,2013/02/18,29800
35,2013/02/19,29840
36,2013/02/20,30900
37,2013/02/21,31000
38,2013/02/22,30600
39,2013/02/25,30600
40,2013/02/26,30540
41,2013/02/27,30540
42,2013/02/28,30880
43,2013/03/01,30880
44,2013/03/04,30780
45,2013/03/05,31000
46,2013/03/06,31200
47,2013/03/07,30400
48,2013/03/08,29980
49,2013/03/11,30160
50,2013/03/12,29880
51,2013/03/13,30540
52,2013/03/14,30400
53,2013/03/15,29600
54,2013/03/18,28900
55,2013/03/19,29500
56,2013/03/20,29200
57,2013/03/21,29140
58,2013/03/22,29100
59,2013/03/25,29900
60,2013/03/26,30180
61,2013/03/27,30080
62,2013/03/28,30200
63,2013/03/29,30540
64,2013/04/01,30240
65,2013/04/02,30500
66,2013/04/03,30420
67,2013/04/04,30120
68,2013/04/05,30100
69,2013/04/08,30400
70,2013/04/09,30560
71,2013/04/10,30420
72,2013/04/11,30800
73,2013/04/12,30340
74,2013/04/15,30460
75,2013/04/16,30560
76,2013/04/17,30360
77,2013/04/18,29660
78,2013/04/19,29500
79,2013/04/22,30060
80,2013/04/23,29660
81,2013/04/24,29720
82,2013/04/25,29880
83,2013/04/26,29720
84,2013/04/29,29620
85,2013/04/30,30400
86,2013/05/01,30400
87,2013/05/02,30560
88,2013/05/03,30700
89,2013/05/06,30280
90,2013/05/07,29860
91,2013/05/08,29760
92,2013/05/09,30300
93,2013/05/10,29520
94,2013/05/13,29540
95,2013/05/14,30000
96,2013/05/15,30000
97,2013/05/16,30160
98,2013/05/17,30160
99,2013/05/20,29940
100,2013/05/21,29840
101,2013/05/22,30180
102,2013/05/23,29680
103,2013/05/24,29720
104,2013/05/27,29780
105,2013/05/28,29680
106,2013/05/29,30240
107,2013/05/30,30880
108,2013/05/31,30760
109,2013/06/03,30640
110,2013/06/04,30800
111,2013/06/05,30420
112,2013/06/06,30420
113,2013/06/07,28540
114,2013/06/10,28500
115,2013/06/11,27780
116,2013/06/12,27700
117,2013/06/13,27140
118,2013/06/14,27380
119,2013/06/17,27320
120,2013/06/18,27740
121,2013/06/19,27380
122,2013/06/20,26580
123,2013/06/21,26500
124,2013/06/24,26260
125,2013/06/25,25940
126,2013/06/26,25220
127,2013/06/27,26780
128,2013/06/28,26840
129,2013/07/01,26520
130,2013/07/02,26700
131,2013/07/03,26020
132,2013/07/04,26340
133,2013/07/05,25340
134,2013/07/08,24520
135,2013/07/09,24740
136,2013/07/10,24960
137,2013/07/11,26240
138,2013/07/12,26240
139,2013/07/15,26260
140,2013/07/16,25960
141,2013/07/17,26400
142,2013/07/18,25840
143,2013/07/19,25460
144,2013/07/22,25460
145,2013/07/23,26140
146,2013/07/24,26300
147,2013/07/25,26300
148,2013/07/26,26060
149,2013/07/29,25660
150,2013/07/30,25800
151,2013/07/31,25600
152,2013/08/01,25600
153,2013/08/02,25720
154,2013/08/05,25480
155,2013/08/06,25080
156,2013/08/07,24440
157,2013/08/08,24340
158,2013/08/09,24600
159,2013/08/12,24640
160,2013/08/13,25800
161,2013/08/14,26000
162,2013/08/15,26000
163,2013/08/16,25900
164,2013/08/19,25720
165,2013/08/20,25380
166,2013/08/21,25120
167,2013/08/22,25100
168,2013/08/23,25900
169,2013/08/26,26000
170,2013/08/27,26080
171,2013/08/28,26180
172,2013/08/29,26880
173,2013/08/30,27360
174,2013/09/02,27020
175,2013/09/03,26740
176,2013/09/04,26800
177,2013/09/05,27300
178,2013/09/06,27380
179,2013/09/09,27460
180,2013/09/10,27920
181,2013/09/11,28040
182,2013/09/12,28200
183,2013/09/13,28120
184,2013/09/16,28500
185,2013/09/17,27720
186,2013/09/18,27720
187,2013/09/19,27720
188,2013/09/20,27720
189,2013/09/23,27200
190,2013/09/24,27460
191,2013/09/25,27280
192,2013/09/26,27440
193,2013/09/27,27320
194,2013/09/30,27340
195,2013/10/01,27640
196,2013/10/02,28360
197,2013/10/03,28360
198,2013/10/04,28360
199,2013/10/07,28720
200,2013/10/09,28720
201,2013/10/10,28600
202,2013/10/11,28860
203,2013/10/14,28760
204,2013/10/15,29140
205,2013/10/16,29000
206,2013/10/17,29260
207,2013/10/18,29440
208,2013/10/21,29280
209,2013/10/22,29100
210,2013/10/23,28840
211,2013/10/24,28980
212,2013/10/25,28980
213,2013/10/28,29640
214,2013/10/29,29800
215,2013/10/30,30000
216,2013/10/31,29300
217,2013/11/01,30000
218,2013/11/04,29980
219,2013/11/05,29700
220,2013/11/06,29020
221,2013/11/07,28740
222,2013/11/08,28200
223,2013/11/11,28560
224,2013/11/12,29120
225,2013/11/13,28380
226,2013/11/14,28480
227,2013/11/15,29240
228,2013/11/18,29480
229,2013/11/19,29780
230,2013/11/20,29400
231,2013/11/21,28800
232,2013/11/22,29000
233,2013/11/25,29300
234,2013/11/26,29580
235,2013/11/27,29400
236,2013/11/28,29880
237,2013/11/29,29880
238,2013/12/02,29340
239,2013/12/03,29220
240,2013/12/04,28640
241,2013/12/05,28800
242,2013/12/06,28560
243,2013/12/09,29080
244,2013/12/10,28800
245,2013/12/11,28400
246,2013/12/12,28200
247,2013/12/13,27800
248,2013/12/16,28000
249,2013/12/17,27900
250,2013/12/18,28020
251,2013/12/19,28540
252,2013/12/20,28540
253,2013/12/23,28660
254,2013/12/24,28300
255,2013/12/25,28300
256,2013/12/26,28160
257,2013/12/27,27920
258,2013/12/30,27440
259,2013/12/31,27440
260,2014/01/01,27440
261,2014/01/02,26180
262,2014/01/03,25920
263,2014/01/06,26140
264,2014/01/07,26080
265,2014/01/08,25820
266,2014/01/09,25500
267,2014/01/10,25440
268,2014/01/13,25900
269,2014/01/14,26260
270,2014/01/15,25980
271,2014/01/16,26020
272,2014/01/17,25840
273,2014/01/20,26320
274,2014/01/21,26480
275,2014/01/22,26560
276,2014/01/23,25980
277,2014/01/24,26140
278,2014/01/27,25840
279,2014/01/28,25660
280,2014/01/29,25600
281,2014/01/30,25600
282,2014/01/31,25600
283,2014/02/03,25440
284,2014/02/04,24980
285,2014/02/05,24740
286,2014/02/06,25180
287,2014/02/07,25500
288,2014/02/10,25540
289,2014/02/11,26220
290,2014/02/12,26140
291,2014/02/13,25960
292,2014/02/14,26020
293,2014/02/17,25700
294,2014/02/18,25900
295,2014/02/19,25800
296,2014/02/20,25720
297,2014/02/21,26600
298,2014/02/24,26560
299,2014/02/25,26680
300,2014/02/26,26840
301,2014/02/27,26820
302,2014/02/28,26980
303,2014/03/03,26500
304,2014/03/04,26300
305,2014/03/05,26600
306,2014/03/06,26520
307,2014/03/07,26780
308,2014/03/10,26400
309,2014/03/11,26440
310,2014/03/12,25880
311,2014/03/13,25800
312,2014/03/14,25500
313,2014/03/17,25320
314,2014/03/18,25560
315,2014/03/19,25380
316,2014/03/20,25240
317,2014/03/21,25460
318,2014/03/24,25460
319,2014/03/25,24940
320,2014/03/26,25700
321,2014/03/27,26660
322,2014/03/28,26700
323,2014/03/31,26860
324,2014/04/01,26780
325,2014/04/02,27140
326,2014/04/03,27800
327,2014/04/04,27600
328,2014/04/07,27940
329,2014/04/08,27880
330,2014/04/09,27420
331,2014/04/10,27600
332,2014/04/11,27300
333,2014/04/14,27400
334,2014/04/15,27400
335,2014/04/16,27600
336,2014/04/17,27400
337,2014/04/18,27560
338,2014/04/21,27600
339,2014/04/22,27500
340,2014/04/23,27780
341,2014/04/24,28140
342,2014/04/25,27980
343,2014/04/28,27760
344,2014/04/29,27200
345,2014/04/30,26860
346,2014/05/01,26860
347,2014/05/02,26920
348,2014/05/05,26920
349,2014/05/06,26920
350,2014/05/07,26880
351,2014/05/08,27000
352,2014/05/09,26700
353,2014/05/12,27760
354,2014/05/13,28000
355,2014/05/14,28300
356,2014/05/15,28200
357,2014/05/16,28560
358,2014/05/19,28960
359,2014/05/20,29020
360,2014/05/21,28820
361,2014/05/22,28520
362,2014/05/23,28560
363,2014/05/26,28440
364,2014/05/27,28140
365,2014/05/28,28660
366,2014/05/29,29200
367,2014/05/30,28860
368,2014/06/02,29100
369,2014/06/03,29400
370,2014/06/04,29400
371,2014/06/05,29140
372,2014/06/06,29140
373,2014/06/09,28180
374,2014/06/10,28720
375,2014/06/11,28440
376,2014/06/12,28260
377,2014/06/13,27340
378,2014/06/16,27480
379,2014/06/17,27480
380,2014/06/18,27160
381,2014/06/19,26460
382,2014/06/20,26020
383,2014/06/23,26440
384,2014/06/24,26900
385,2014/06/25,26400
386,2014/06/26,26500
387,2014/06/27,26220
388,2014/06/30,26440
389,2014/07/01,26200
390,2014/07/02,26600
391,2014/07/03,26360
392,2014/07/04,26120
393,2014/07/07,25840
394,2014/07/08,25900
395,2014/07/09,26160
396,2014/07/10,26120
397,2014/07/11,25680
398,2014/07/14,25720
399,2014/07/15,26400
400,2014/07/16,26420
401,2014/07/17,26600
402,2014/07/18,26860
403,2014/07/21,27060
404,2014/07/22,26960
405,2014/07/23,26760
406,2014/07/24,27100
407,2014/07/25,27100
408,2014/07/28,27160
409,2014/07/29,27720
410,2014/07/30,27900
411,2014/07/31,26860
412,2014/08/01,25840
413,2014/08/04,26340
414,2014/08/05,26320
415,2014/08/06,26000
416,2014/08/07,25800
417,2014/08/08,25000
418,2014/08/11,25400
419,2014/08/12,25320
420,2014/08/13,25280
421,2014/08/14,25220
422,2014/08/15,25220
423,2014/08/18,25000
424,2014/08/19,25080
425,2014/08/20,25220
426,2014/08/21,24700
427,2014/08/22,24940
428,2014/08/25,24560
429,2014/08/26,24440
430,2014/08/27,24600
431,2014/08/28,24840
432,2014/08/29,24680
433,2014/09/01,24520
434,2014/09/02,23880
435,2014/09/03,23780
436,2014/09/04,24200
437,2014/09/05,24020
438,2014/09/08,24020
439,2014/09/09,24020
440,2014/09/10,24020
441,2014/09/11,23840
442,2014/09/12,24020
443,2014/09/15,24000
444,2014/09/16,24120
445,2014/09/17,24520
446,2014/09/18,24200
447,2014/09/19,24200
448,2014/09/22,23760
449,2014/09/23,23220
450,2014/09/24,23000
451,2014/09/25,23120
452,2014/09/26,23700
453,2014/09/29,23900
454,2014/09/30,23680
455,2014/10/01,23120
456,2014/10/02,22820
457,2014/10/03,22820
458,2014/10/06,23020
459,2014/10/07,23240
460,2014/10/08,22600
461,2014/10/09,22600
462,2014/10/10,22100
463,2014/10/13,22160
464,2014/10/14,22540
465,2014/10/15,22500
466,2014/10/16,22300
467,2014/10/17,21780
468,2014/10/20,22120
469,2014/10/21,21660
470,2014/10/22,22080
471,2014/10/23,21880
472,2014/10/24,22240
473,2014/10/27,21900
474,2014/10/28,21820
475,2014/10/29,22600
476,2014/10/30,23620
477,2014/10/31,24880
478,2014/11/03,24700
479,2014/11/04,24340
480,2014/11/05,24040
481,2014/11/06,24080
482,2014/11/07,24120
483,2014/11/10,25360
484,2014/11/11,24620
485,2014/11/12,24600
486,2014/11/13,24000
487,2014/11/14,23880
488,2014/11/17,24100
489,2014/11/18,24400
490,2014/11/19,24360
491,2014/11/20,24200
492,2014/11/21,24460
493,2014/11/24,24400
494,2014/11/25,23800
495,2014/11/26,24020
496,2014/11/27,25280
497,2014/11/28,25740
498,2014/12/01,25900
499,2014/12/02,25900
500,2014/12/03,25960
501,2014/12/04,26000
502,2014/12/05,26040
503,2014/12/08,26380
504,2014/12/09,26980
505,2014/12/10,26340
506,2014/12/11,26100
507,2014/12/12,25720
508,2014/12/15,25460
509,2014/12/16,25580
510,2014/12/17,25320
511,2014/12/18,25320
512,2014/12/19,26560
513,2014/12/22,26900
514,2014/12/23,26780
515,2014/12/24,26860
516,2014/12/25,26860
517,2014/12/26,27040
518,2014/12/29,26580
519,2014/12/30,26540
520,2014/12/31,26540
521,2015/01/01,26540
522,2015/01/02,26600
523,2015/01/05,26660
524,2015/01/06,25900
525,2015/01/07,26140
526,2015/01/08,26280
527,2015/01/09,26280
528,2015/01/12,26320
529,2015/01/13,26780
530,2015/01/14,26900
531,2015/01/15,26680
532,2015/01/16,26320
533,2015/01/19,26860
534,2015/01/20,27440
535,2015/01/21,27900
536,2015/01/22,27560
537,2015/01/23,27720
538,2015/01/26,27780
539,2015/01/27,28000
540,2015/01/28,27560
541,2015/01/29,27200
542,2015/01/30,27300
543,2015/02/02,27360
544,2015/02/03,27320
545,2015/02/04,27180
546,2015/02/05,27160
547,2015/02/06,27440
548,2015/02/09,27900
549,2015/02/10,27560
550,2015/02/11,27100
551,2015/02/12,26880
552,2015/02/13,27220
553,2015/02/16,27480
554,2015/02/17,27540
555,2015/02/18,27540
556,2015/02/19,27540
557,2015/02/20,27540
558,2015/02/23,27340
559,2015/02/24,27340
560,2015/02/25,27580
561,2015/02/26,27500
562,2015/02/27,27140
563,2015/03/02,28460
564,2015/03/03,28360
565,2015/03/04,28740
566,2015/03/05,28440
567,2015/03/06,28840
568,2015/03/09,28400
569,2015/03/10,28420
570,2015/03/11,29480
571,2015/03/12,28940
572,2015/03/13,29140
573,2015/03/16,29400
574,2015/03/17,29940
575,2015/03/18,30060
576,2015/03/19,29400
577,2015/03/20,29280
578,2015/03/23,29340
579,2015/03/24,29520
580,2015/03/25,29700
581,2015/03/26,28420
582,2015/03/27,28420
583,2015/03/30,28560
584,2015/03/31,28820
585,2015/04/01,28460
586,2015/04/02,28680
587,2015/04/03,28680
588,2015/04/06,29400
589,2015/04/07,29240
590,2015/04/08,29580
591,2015/04/09,29660
592,2015/04/10,29800
593,2015/04/13,29580
594,2015/04/14,29480
595,2015/04/15,28920
596,2015/04/16,29540
597,2015/04/17,29000
598,2015/04/20,28600
599,2015/04/21,28880
600,2015/04/22,29220
601,2015/04/23,29020
602,2015/04/24,28200
603,2015/04/27,27900
604,2015/04/28,27320
605,2015/04/29,27700
606,2015/04/30,28200
607,2015/05/01,28200
608,2015/05/04,28000
609,2015/05/05,28000
610,2015/05/06,27240
611,2015/05/07,27400
612,2015/05/08,26760
613,2015/05/11,26720
614,2015/05/12,26620
615,2015/05/13,26660
616,2015/05/14,26800
617,2015/05/15,26520
618,2015/05/18,26400
619,2015/05/19,26760
620,2015/05/20,27320
621,2015/05/21,27040
622,2015/05/22,27000
623,2015/05/25,27000
624,2015/05/26,27240
625,2015/05/27,26280
626,2015/05/28,26180
627,2015/05/29,26140
628,2015/06/01,25820
629,2015/06/02,26060
630,2015/06/03,25460
631,2015/06/04,26740
632,2015/06/05,26820
633,2015/06/08,26280
634,2015/06/09,25640
635,2015/06/10,25240
636,2015/06/11,25140
637,2015/06/12,25540
638,2015/06/15,25400
639,2015/06/16,25100
640,2015/06/17,25080
641,2015/06/18,25300
642,2015/06/19,25320
643,2015/06/22,25620
644,2015/06/23,26420
645,2015/06/24,26040
646,2015/06/25,25380
647,2015/06/26,25560
648,2015/06/29,25620
649,2015/06/30,25360
650,2015/07/01,25900
651,2015/07/02,25980
652,2015/07/03,25360
653,2015/07/06,24600
654,2015/07/07,24800
655,2015/07/08,24780
656,2015/07/09,25300
657,2015/07/10,25180
658,2015/07/13,25320
659,2015/07/14,24500
660,2015/07/15,24700
661,2015/07/16,25640
662,2015/07/17,26100
663,2015/07/20,25500
664,2015/07/21,25260
665,2015/07/22,25060
666,2015/07/23,24680
667,2015/07/24,24580
668,2015/07/27,24600
669,2015/07/28,24600
670,2015/07/29,25260
671,2015/07/30,24300
672,2015/07/31,23700
673,2015/08/03,23500
674,2015/08/04,23640
675,2015/08/05,23180
676,2015/08/06,22300
677,2015/08/07,22720
678,2015/08/10,22820
679,2015/08/11,23140
680,2015/08/12,23080
681,2015/08/13,22800
682,2015/08/14,22800
683,2015/08/17,22080
684,2015/08/18,22620
685,2015/08/19,23080
686,2015/08/20,22780
687,2015/08/21,22020
688,2015/08/24,21580
689,2015/08/25,21580
690,2015/08/26,21340
691,2015/08/27,21340
692,2015/08/28,21620
693,2015/08/31,21780
694,2015/09/01,21700
695,2015/09/02,21800
696,2015/09/03,22440
697,2015/09/04,22580
698,2015/09/07,22240
699,2015/09/08,22620
700,2015/09/09,22940
701,2015/09/10,22680
702,2015/09/11,22300
703,2015/09/14,22480
704,2015/09/15,22460
705,2015/09/16,23040
706,2015/09/17,23140
707,2015/09/18,23800
708,2015/09/21,23000
709,2015/09/22,22900
710,2015/09/23,22620
711,2015/09/24,22520
712,2015/09/25,22240
713,2015/09/28,22240
714,2015/09/29,22240
715,2015/09/30,22680
716,2015/10/01,22680
717,2015/10/02,22380
718,2015/10/05,22300
719,2015/10/06,23020
720,2015/10/07,25020
721,2015/10/08,25400
722,2015/10/09,25400
723,2015/10/12,25200
724,2015/10/13,25040
725,2015/10/14,25080
726,2015/10/15,25380
727,2015/10/16,25300
728,2015/10/19,25120
729,2015/10/20,25320
730,2015/10/21,25400
731,2015/10/22,25600
732,2015/10/23,25780
733,2015/10/26,25840
734,2015/10/27,25960
735,2015/10/28,26160
736,2015/10/29,26500
737,2015/10/30,27440
738,2015/11/02,27660
739,2015/11/03,27040
740,2015/11/04,26600
741,2015/11/05,26840
742,2015/11/06,26760
743,2015/11/09,26880
744,2015/11/10,26420
745,2015/11/11,26660
746,2015/11/12,26340
747,2015/11/13,26000
748,2015/11/16,25260
749,2015/11/17,25400
750,2015/11/18,25620
751,2015/11/19,25780
752,2015/11/20,25700
753,2015/11/23,25640
754,2015/11/24,25980
755,2015/11/25,25980
756,2015/11/26,26700
757,2015/11/27,26540
758,2015/11/30,25680
759,2015/12/01,26420
760,2015/12/02,26000
761,2015/12/03,25800
762,2015/12/04,25380
763,2015/12/07,25240
764,2015/12/08,25240
765,2015/12/09,25260
766,2015/12/10,25660
767,2015/12/11,25680
768,2015/12/14,25220
769,2015/12/15,25540
770,2015/12/16,25980
771,2015/12/17,25800
772,2015/12/18,25560
773,2015/12/21,25600
774,2015/12/22,25840
775,2015/12/23,25900
776,2015/12/24,25700
777,2015/12/25,25700
778,2015/12/28,25320
779,2015/12/29,25080
780,2015/12/30,25200
781,2015/12/31,25200
782,2016/01/01,25200
783,2016/01/04,24100
784,2016/01/05,24160
785,2016/01/06,23500
786,2016/01/07,23260
787,2016/01/08,23420
788,2016/01/11,23040
789,2016/01/12,22920
790,2016/01/13,22960
791,2016/01/14,22760
792,2016/01/15,22640
793,2016/01/18,22520
794,2016/01/19,23420
795,2016/01/20,22760
796,2016/01/21,22620
797,2016/01/22,23360
798,2016/01/25,23240
799,2016/01/26,22740
800,2016/01/27,23500
801,2016/01/28,22900
802,2016/01/29,23000
803,2016/02/01,23260
804,2016/02/02,23120
805,2016/02/03,22920
806,2016/02/04,23120
807,2016/02/05,23280
808,2016/02/08,23280
809,2016/02/09,23280
810,2016/02/10,23280
811,2016/02/11,22600
812,2016/02/12,22600
813,2016/02/15,23080
814,2016/02/16,23360
815,2016/02/17,23700
816,2016/02/18,23740
817,2016/02/19,23800
818,2016/02/22,23500
819,2016/02/23,23620
820,2016/02/24,23440
821,2016/02/25,23580
822,2016/02/26,23440
823,2016/02/29,23560
824,2016/03/01,23560
825,2016/03/02,23940
826,2016/03/03,24400
827,2016/03/04,24300
828,2016/03/07,24460
829,2016/03/08,23840
830,2016/03/09,23880
831,2016/03/10,24500
832,2016/03/11,24980
833,2016/03/14,25100
834,2016/03/15,25060
835,2016/03/16,25120
836,2016/03/17,25260
837,2016/03/18,25460
838,2016/03/21,25340
839,2016/03/22,25380
840,2016/03/23,25580
841,2016/03/24,25640
842,2016/03/25,25760
843,2016/03/28,25880
844,2016/03/29,25800
845,2016/03/30,26160
846,2016/03/31,26240
847,2016/04/01,25580
848,2016/04/04,26100
849,2016/04/05,25200
850,2016/04/06,25700
851,2016/04/07,25380
852,2016/04/08,24920
853,2016/04/11,25320
854,2016/04/12,25500
855,2016/04/13,25500
856,2016/04/14,26000
857,2016/04/15,26000
858,2016/04/18,25980
859,2016/04/19,25760
860,2016/04/20,25980
861,2016/04/21,25880
862,2016/04/22,25600
863,2016/04/25,25620
864,2016/04/26,25920
865,2016/04/27,26000
866,2016/04/28,25300
867,2016/04/29,24900
868,2016/05/02,25000
869,2016/05/03,25220
870,2016/05/04,25800
871,2016/05/05,25800
872,2016/05/06,25800
873,2016/05/09,25980
874,2016/05/10,25920
875,2016/05/11,25840
876,2016/05/12,25620
877,2016/05/13,25060
878,2016/05/16,24960
879,2016/05/17,25280
880,2016/05/18,25360
881,2016/05/19,25400
882,2016/05/20,25380
883,2016/05/23,25720
884,2016/05/24,25420
885,2016/05/25,25900
886,2016/05/26,25920
887,2016/05/27,25640
888,2016/05/30,25600
889,2016/05/31,25840
890,2016/06/01,26660
891,2016/06/02,27300
892,2016/06/03,27540
893,2016/06/06,27540
894,2016/06/07,27960
895,2016/06/08,28120
896,2016/06/09,28600
897,2016/06/10,28120
898,2016/06/13,27420
899,2016/06/14,27600
900,2016/06/15,28260
901,2016/06/16,28180
902,2016/06/17,28520
903,2016/06/20,28620
904,2016/06/21,28960
905,2016/06/22,28900
906,2016/06/23,28600
907,2016/06/24,28000
908,2016/06/27,27960
909,2016/06/28,27980
910,2016/06/29,27920
911,2016/06/30,28500
912,2016/07/01,29320
913,2016/07/04,29320
914,2016/07/05,29380
915,2016/07/06,28420
916,2016/07/07,29000
917,2016/07/08,29200
918,2016/07/11,29780
919,2016/07/12,29280
920,2016/07/13,29620
921,2016/07/14,30000
922,2016/07/15,30360
923,2016/07/18,30660
924,2016/07/19,30660
925,2016/07/20,30800
926,2016/07/21,30860
927,2016/07/22,30320
928,2016/07/25,30040
929,2016/07/26,30600
930,2016/07/27,30540
931,2016/07/28,30140
932,2016/07/29,30780
933,2016/08/01,31360
934,2016/08/02,30960
935,2016/08/03,30340
936,2016/08/04,30340
937,2016/08/05,31220
938,2016/08/08,31380
939,2016/08/09,31340
940,2016/08/10,30820
941,2016/08/11,31180
942,2016/08/12,30900
943,2016/08/15,30900
944,2016/08/16,31360
945,2016/08/17,31320
946,2016/08/18,32800
947,2016/08/19,33500
948,2016/08/22,33300
949,2016/08/23,33740
950,2016/08/24,33060
951,2016/08/25,32780
952,2016/08/26,32240
953,2016/08/29,32800
954,2016/08/30,32900
955,2016/08/31,32400
956,2016/09/01,31740
957,2016/09/02,31940
958,2016/09/05,32120
959,2016/09/06,32860
960,2016/09/07,32420
961,2016/09/08,32780
962,2016/09/09,31500
963,2016/09/12,29300
964,2016/09/13,30540
965,2016/09/14,30540
966,2016/09/15,30540
967,2016/09/16,30540
968,2016/09/19,31160
969,2016/09/20,31700
970,2016/09/21,31840
971,2016/09/22,32360
972,2016/09/23,31420
973,2016/09/26,31360
974,2016/09/27,31380
975,2016/09/28,31340
976,2016/09/29,32000
977,2016/09/30,31960
978,2016/10/03,31960
979,2016/10/04,32280
980,2016/10/05,32380
981,2016/10/06,33820
982,2016/10/07,34120
983,2016/10/10,33600
984,2016/10/11,30900
985,2016/10/12,30700
986,2016/10/13,31140
987,2016/10/14,31540
988,2016/10/17,31800
989,2016/10/18,31780
990,2016/10/19,32500
991,2016/10/20,32400
992,2016/10/21,31780
993,2016/10/24,32160
994,2016/10/25,31940
995,2016/10/26,31340
996,2016/10/27,31460
997,2016/10/28,32280
998,2016/10/31,32780
999,2016/11/01,33040
1000,2016/11/02,32860
1001,2016/11/03,32320
1002,2016/11/04,32540
1003,2016/11/07,32800
1004,2016/11/08,32880
1005,2016/11/09,31920
1006,2016/11/10,32980
1007,2016/11/11,31960
1008,2016/11/14,31060
1009,2016/11/15,30780
1010,2016/11/16,31160
1011,2016/11/17,31360
1012,2016/11/18,31720
1013,2016/11/21,31860
1014,2016/11/22,32800
1015,2016/11/23,32980
1016,2016/11/24,33000
1017,2016/11/25,33000
1018,2016/11/28,33540
1019,2016/11/29,33540
1020,2016/11/30,34920
1021,2016/12/01,34980
1022,2016/12/02,34540
1023,2016/12/05,34360
1024,2016/12/06,34960
1025,2016/12/07,35440
1026,2016/12/08,35800
1027,2016/12/09,35600
1028,2016/12/12,35040
1029,2016/12/13,35320
1030,2016/12/14,35540
1031,2016/12/15,35180
1032,2016/12/16,35860
1033,2016/12/19,35900
1034,2016/12/20,36240
1035,2016/12/21,36100
1036,2016/12/22,36180
1037,2016/12/23,35640
1038,2016/12/26,35960
1039,2016/12/27,35980
1040,2016/12/28,35760
1041,2016/12/29,36040
1042,2016/12/30,36040
1043,2017/01/02,36100
1044,2017/01/03,36480
1045,2017/01/04,36160
1046,2017/01/05,35560
1047,2017/01/06,36200
1048,2017/01/09,37220
1049,2017/01/10,37240
1050,2017/01/11,38280
1051,2017/01/12,38800
1052,2017/01/13,37460
1053,2017/01/16,36660
1054,2017/01/17,36960
1055,2017/01/18,36940
1056,2017/01/19,37480
1057,2017/01/20,37200
1058,2017/01/23,38060
1059,2017/01/24,38160
1060,2017/01/25,39400
1061,2017/01/26,39900
1062,2017/01/27,39900
1063,2017/01/30,39900
1064,2017/01/31,39460
1065,2017/02/01,39120
1066,2017/02/02,39360
1067,2017/02/03,39460
1068,2017/02/06,39560
1069,2017/02/07,38820
1070,2017/02/08,38400
1071,2017/02/09,38400
1072,2017/02/10,38360
1073,2017/02/13,37960
1074,2017/02/14,37580
1075,2017/02/15,37720
1076,2017/02/16,38020
1077,2017/02/17,37860
1078,2017/02/20,38660
1079,2017/02/21,38940
1080,2017/02/22,39300
1081,2017/02/23,39180
1082,2017/02/24,38220
1083,2017/02/27,38060
1084,2017/02/28,38440
1085,2017/03/01,38440
1086,2017/03/02,39720
1087,2017/03/03,39620
1088,2017/03/06,40080
1089,2017/03/07,40200
1090,2017/03/08,40200
1091,2017/03/09,40200
1092,2017/03/10,40180
1093,2017/03/13,40600
1094,2017/03/14,41360
1095,2017/03/15,41400
1096,2017/03/16,41840
1097,2017/03/17,42400
1098,2017/03/20,41900
1099,2017/03/21,42560
1100,2017/03/22,42460
1101,2017/03/23,41800
1102,2017/03/24,41500
1103,2017/03/27,41200
1104,2017/03/28,41480
1105,2017/03/29,41780
1106,2017/03/30,41980
1107,2017/03/31,41200
1108,2017/04/03,41440
1109,2017/04/04,42080
1110,2017/04/05,42140
1111,2017/04/06,41840
1112,2017/04/07,41600
1113,2017/04/10,41940
1114,2017/04/11,41600
1115,2017/04/12,41900
1116,2017/04/13,42420
1117,2017/04/14,42020
1118,2017/04/17,41560
1119,2017/04/18,41500
1120,2017/04/19,40900
1121,2017/04/20,40280
1122,2017/04/21,40760
1123,2017/04/24,41240
1124,2017/04/25,42700
1125,2017/04/26,42800
1126,2017/04/27,43840
1127,2017/04/28,44620
1128,2017/05/01,44620
1129,2017/05/02,44900
1130,2017/05/03,44900
1131,2017/05/04,45520
1132,2017/05/05,45520
1133,2017/05/08,47020
1134,2017/05/09,47020
1135,2017/05/10,45600
1136,2017/05/11,45500
1137,2017/05/12,45820
1138,2017/05/15,46100
1139,2017/05/16,46380
1140,2017/05/17,46340
1141,2017/05/18,45940
1142,2017/05/19,44720
1143,2017/05/22,45100
1144,2017/05/23,44920
1145,2017/05/24,44880
1146,2017/05/25,45680
1147,2017/05/26,46080
1148,2017/05/29,45620
1149,2017/05/30,44640
1150,2017/05/31,44700
1151,2017/06/01,44680
1152,2017/06/02,45960
1153,2017/06/05,45940
1154,2017/06/06,45940
1155,2017/06/07,45300
1156,2017/06/08,45160
1157,2017/06/09,46100
1158,2017/06/12,45380
1159,2017/06/13,45400
1160,2017/06/14,45360
1161,2017/06/15,45680
1162,2017/06/16,45580
1163,2017/06/19,46560
1164,2017/06/20,48140
1165,2017/06/21,47480
1166,2017/06/22,47960
1167,2017/06/23,47620
1168,2017/06/26,48280
1169,2017/06/27,48300
1170,2017/06/28,47700
1171,2017/06/29,47940
1172,2017/06/30,47540
1173,2017/07/03,47220
1174,2017/07/04,47000
1175,2017/07/05,47580
1176,2017/07/06,48060
1177,2017/07/07,47860
1178,2017/07/10,48660
1179,2017/07/12,49880
1180,2017/07/13,50560
1181,2017/07/14,50480
1182,2017/07/17,50640
1183,2017/07/18,50840
1184,2017/07/19,50740
1185,2017/07/20,51200
1186,2017/07/21,51080
1187,2017/07/24,50860
1188,2017/07/25,50000
1189,2017/07/26,49840
1190,2017/07/27,49800
1191,2017/07/28,47760
1192,2017/07/31,48200
1193,2017/08/01,48600
1194,2017/08/02,49000
1195,2017/08/03,47780
1196,2017/08/04,47700
1197,2017/08/07,47580
1198,2017/08/08,47720
1199,2017/08/09,46280
1200,2017/08/10,45900
1201,2017/08/11,44620
1202,2017/08/14,45000
1203,2017/08/15,45000
1204,2017/08/16,46200
1205,2017/08/17,47040
1206,2017/08/18,46900
1207,2017/08/21,46840
1208,2017/08/22,47000
1209,2017/08/23,47480
1210,2017/08/24,47520
1211,2017/08/25,47020
1212,2017/08/28,46100
1213,2017/08/29,46080
1214,2017/08/30,46200
1215,2017/08/31,46320
1216,2017/09/01,46480
1217,2017/09/04,46040
1218,2017/09/05,46760
1219,2017/09/06,47000
1220,2017/09/07,48120
1221,2017/09/08,49080
1222,2017/09/11,49800
1223,2017/09/12,49600
1224,2017/09/13,49620
1225,2017/09/14,50300
1226,2017/09/15,50400
1227,2017/09/18,52480
1228,2017/09/19,52120
1229,2017/09/20,52220
1230,2017/09/21,52800
1231,2017/09/22,53000
1232,2017/09/25,53620
1233,2017/09/26,51660
1234,2017/09/27,51680
1235,2017/09/28,51260
1236,2017/09/29,51280
1237,2017/10/02,51280
1238,2017/10/03,51280
1239,2017/10/04,51280
1240,2017/10/05,51280
1241,2017/10/06,51280
1242,2017/10/09,51280
1243,2017/10/10,52800
1244,2017/10/11,54640
1245,2017/10/12,54800
1246,2017/10/13,54000
1247,2017/10/16,53920
1248,2017/10/17,54800
1249,2017/10/18,54760
1250,2017/10/19,52980
1251,2017/10/20,53840
1252,2017/10/23,54300
1253,2017/10/24,54040
1254,2017/10/25,53900
1255,2017/10/26,52400
1256,2017/10/27,53080
1257,2017/10/30,54040
1258,2017/10/31,55080
1259,2017/11/01,57220
1260,2017/11/02,57060
1261,2017/11/03,56380
1262,2017/11/06,56380
1263,2017/11/07,56100
1264,2017/11/08,56760
1265,2017/11/09,56340
1266,2017/11/10,56400
1267,2017/11/13,56380
1268,2017/11/14,55920
1269,2017/11/15,55340
1270,2017/11/17,55820
1271,2017/11/20,55200
1272,2017/11/21,55280
1273,2017/11/22,55960
1274,2017/11/23,55300
1275,2017/11/24,55460
1276,2017/11/27,52640
1277,2017/11/28,53280
1278,2017/11/29,52600
1279,2017/11/30,50800
1280,2017/12/01,50840
1281,2017/12/04,51340
1282,2017/12/05,51260
1283,2017/12/06,50020
1284,2017/12/07,50740
1285,2017/12/08,52000
1286,2017/12/11,51780
1287,2017/12/12,52100
1288,2017/12/13,51320
1289,2017/12/14,51060
1290,2017/12/15,50620
1291,2017/12/18,51200
1292,2017/12/19,51560
1293,2017/12/20,50880
1294,2017/12/21,49140
1295,2017/12/22,49700
1296,2017/12/25,49700
1297,2017/12/26,48200
1298,2017/12/27,49360
1299,2017/12/28,50960
1300,2017/12/29,50960
1301,2018/01/01,50960
1302,2018/01/02,51020
1303,2018/01/03,51620
1304,2018/01/04,51080
1305,2018/01/05,52120
1306,2018/01/08,52020
1307,2018/01/09,50400
1308,2018/01/10,48840
1309,2018/01/11,48240
1310,2018/01/12,48200
1311,2018/01/15,48540
1312,2018/01/16,50000
1313,2018/01/17,49620
1314,2018/01/18,49900
1315,2018/01/19,49320
1316,2018/01/22,48240
1317,2018/01/23,49160
1318,2018/01/24,49340
1319,2018/01/25,50260
1320,2018/01/26,50780
1321,2018/01/29,51220
1322,2018/01/30,49800
1323,2018/01/31,49900
1324,2018/02/01,49820
1325,2018/02/02,47700
1326,2018/02/05,47920
1327,2018/02/06,47420
1328,2018/02/07,45800
1329,2018/02/08,46000
1330,2018/02/09,44700
1331,2018/02/12,45720
1332,2018/02/13,47540
1333,2018/02/14,49000
1334,2018/02/15,49000
1335,2018/02/16,49000
1336,2018/02/19,48380
1337,2018/02/20,47400
1338,2018/02/21,47280
1339,2018/02/22,46760
1340,2018/02/23,47220
1341,2018/02/26,47380
1342,2018/02/27,47380
1343,2018/02/28,47060
1344,2018/03/01,47060
1345,2018/03/02,46020
1346,2018/03/05,45200
1347,2018/03/06,47020
1348,2018/03/07,48620
1349,2018/03/08,49200
1350,2018/03/09,49740
1351,2018/03/12,49740
1352,2018/03/13,51660
1353,2018/03/14,51760
1354,2018/03/15,51540
1355,2018/03/16,51140
1356,2018/03/19,50740
1357,2018/03/20,51200
1358,2018/03/21,51060
1359,2018/03/22,51780
1360,2018/03/23,49720
1361,2018/03/26,50280
1362,2018/03/27,49980
1363,2018/03/28,48700
1364,2018/03/29,49040
1365,2018/03/30,49220
1366,2018/04/02,48540
1367,2018/04/03,48120
1368,2018/04/04,46920
1369,2018/04/05,48740
1370,2018/04/06,48400
1371,2018/04/09,49200
1372,2018/04/10,48880
1373,2018/04/11,48860
1374,2018/04/12,49000
1375,2018/04/13,49800
1376,2018/04/16,50340
1377,2018/04/17,49980
1378,2018/04/18,51360
1379,2018/04/19,52780
1380,2018/04/20,51620
1381,2018/04/23,51900
1382,2018/04/24,50460
1383,2018/04/25,50400
1384,2018/04/26,52140
1385,2018/04/27,53000
1386,2018/04/30,53000
1387,2018/05/01,53000
1388,2018/05/02,53000
1389,2018/05/03,53000
1390,2018/05/04,51900
1391,2018/05/07,51900
1392,2018/05/08,52600
1393,2018/05/09,50900
1394,2018/05/10,51600
1395,2018/05/11,51300
1396,2018/05/14,50100
1397,2018/05/15,49200
1398,2018/05/16,49850
1399,2018/05/17,49400
1400,2018/05/18,49500
1401,2018/05/21,50000
1402,2018/05/22,50000
1403,2018/05/23,51800
1404,2018/05/24,51400
1405,2018/05/25,52700
1406,2018/05/28,52300
1407,2018/05/29,51300
1408,2018/05/30,49500
1409,2018/05/31,50700
1410,2018/06/01,51300
1411,2018/06/04,51100
1412,2018/06/05,51300
1413,2018/06/06,51300
1414,2018/06/07,50600
1415,2018/06/08,49650
1416,2018/06/11,49900
1417,2018/06/12,49400
1418,2018/06/13,49400
1419,2018/06/14,48200
1420,2018/06/15,47650
1421,2018/06/18,46600
1422,2018/06/19,47000
1423,2018/06/20,47000
1424,2018/06/21,47050
1425,2018/06/22,47250
1426,2018/06/25,46650
1427,2018/06/26,47000
1428,2018/06/27,47950
1429,2018/06/28,46800
1430,2018/06/29,46650
1431,2018/07/02,45550
1432,2018/07/03,46150
1433,2018/07/04,46250
1434,2018/07/05,45950
1435,2018/07/06,44900
1436,2018/07/09,45600
1437,2018/07/10,46300
1438,2018/07/11,46000
1439,2018/07/12,45500
1440,2018/07/13,46500
1441,2018/07/16,46050
1442,2018/07/17,45850
1443,2018/07/18,46550
1444,2018/07/19,46900
1445,2018/07/20,47450
1446,2018/07/23,46500
1447,2018/07/24,46150
1448,2018/07/25,46150
1449,2018/07/26,46900
1450,2018/07/27,46900
1451,2018/07/30,46500
1452,2018/07/31,46250
1453,2018/08/01,46550
1454,2018/08/02,45550
1455,2018/08/03,45750
1456,2018/08/06,45800
1457,2018/08/07,46700
1458,2018/08/08,46800
1459,2018/08/09,46900
1460,2018/08/10,45400
1461,2018/08/13,45050
1462,2018/08/14,45150
1463,2018/08/15,45150
1464,2018/08/16,44250
1465,2018/08/17,44100
1466,2018/08/20,43850
1467,2018/08/21,44800
1468,2018/08/22,46100
1469,2018/08/23,46200
1470,2018/08/24,46150
1471,2018/08/27,46300
1472,2018/08/28,46550
1473,2018/08/29,46800
1474,2018/08/30,47650
1475,2018/08/31,48450
1476,2018/09/03,47450
1477,2018/09/04,47650
1478,2018/09/05,46600
1479,2018/09/06,46100
1480,2018/09/07,44900
1481,2018/09/10,45500
1482,2018/09/11,45050
1483,2018/09/12,44550
1484,2018/09/13,44050
1485,2018/09/14,45850
1486,2018/09/17,45150
1487,2018/09/18,45500
1488,2018/09/19,46150
1489,2018/09/20,47250
1490,2018/09/21,47400
1491,2018/09/24,47400
1492,2018/09/25,47400
1493,2018/09/26,47400
1494,2018/09/27,47500
1495,2018/09/28,46450
1496,2018/10/01,46350
1497,2018/10/02,45700
1498,2018/10/03,45700
1499,2018/10/04,44700
1500,2018/10/05,44700
1501,2018/10/08,44950
1502,2018/10/09,44950
1503,2018/10/10,45300
1504,2018/10/11,43100
1505,2018/10/12,44000
1506,2018/10/15,43800
1507,2018/10/16,43600
1508,2018/10/17,44150
1509,2018/10/18,44050
1510,2018/10/19,43900
1511,2018/10/22,43550
1512,2018/10/23,43050
1513,2018/10/24,42550
1514,2018/10/25,41000
1515,2018/10/26,41000
1516,2018/10/29,41400
1517,2018/10/30,42350
1518,2018/10/31,42400
1519,2018/11/01,42150
1520,2018/11/02,44150
1521,2018/11/05,43800
1522,2018/11/06,43750
1523,2018/11/07,44000
1524,2018/11/08,44050
1525,2018/11/09,44300
1526,2018/11/12,45200
1527,2018/11/13,44500
1528,2018/11/14,44100
1529,2018/11/15,44250
1530,2018/11/16,44000
1531,2018/11/19,43650
1532,2018/11/20,42800
1533,2018/11/21,42100
1534,2018/11/22,42450
1535,2018/11/23,42400
1536,2018/11/26,42600
1537,2018/11/27,43050
1538,2018/11/28,43150
1539,2018/11/29,43150
1540,2018/11/30,41850
1541,2018/12/03,43250
1542,2018/12/04,42150
1543,2018/12/05,41450
1544,2018/12/06,40500
1545,2018/12/07,40950
1546,2018/12/10,40200
1547,2018/12/11,40250
1548,2018/12/12,40450
1549,2018/12/13,40000
1550,2018/12/14,38950
1551,2018/12/17,39150
1552,2018/12/18,38900
1553,2018/12/19,39100
1554,2018/12/20,38650
1555,2018/12/21,38650
1556,2018/12/24,38800
1557,2018/12/25,38800
1558,2018/12/26,38350
1559,2018/12/27,38250
1560,2018/12/28,38700
1561,2018/12/31,38700
1562,2019/01/01,38700
1563,2019/01/02,38750
1564,2019/01/03,37600
1565,2019/01/04,37450
1566,2019/01/07,38750
1567,2019/01/08,38100
1568,2019/01/09,39600
1569,2019/01/10,39800
1570,2019/01/11,40500
1571,2019/01/14,40050
1572,2019/01/15,41100
1573,2019/01/16,41450
1574,2019/01/17,41950
1575,2019/01/18,42300
1576,2019/01/21,42750
1577,2019/01/22,42150
1578,2019/01/23,42000
1579,2019/01/24,43050
1580,2019/01/25,44750
1581,2019/01/28,45050
1582,2019/01/29,45500
1583,2019/01/30,46400
1584,2019/01/31,46150
1585,2019/02/01,46350
1586,2019/02/04,46350
1587,2019/02/05,46350
1588,2019/02/06,46350
1589,2019/02/07,46200
1590,2019/02/08,44800
1591,2019/02/11,45000
1592,2019/02/12,46050
1593,2019/02/13,46200
1594,2019/02/14,47500
1595,2019/02/15,46050
1596,2019/02/18,46200
1597,2019/02/19,45950
1598,2019/02/20,46900
1599,2019/02/21,46950
1600,2019/02/22,47150
1601,2019/02/25,47350
1602,2019/02/26,46750
1603,2019/02/27,46750
1604,2019/02/28,45100
1605,2019/03/01,45100
1606,2019/03/04,44850
1607,2019/03/05,44250
1608,2019/03/06,44000
1609,2019/03/07,44450
1610,2019/03/08,43800
1611,2019/03/11,43650
1612,2019/03/12,44650
1613,2019/03/13,43850
1614,2019/03/14,43850
1615,2019/03/15,44200
1616,2019/03/18,43700
1617,2019/03/19,43900
1618,2019/03/20,44050
1619,2019/03/21,45850
1620,2019/03/22,46550
1621,2019/03/25,45500
1622,2019/03/26,45250
1623,2019/03/27,45350
1624,2019/03/28,44850
1625,2019/03/29,44650
1626,2019/04/01,45050
1627,2019/04/02,45750
1628,2019/04/03,46600
1629,2019/04/04,46950
1630,2019/04/05,46850
1631,2019/04/08,46650
1632,2019/04/09,46650
1633,2019/04/10,46700
1634,2019/04/11,46250
1635,2019/04/12,46850
1636,2019/04/15,47050
1637,2019/04/16,47250
1638,2019/04/17,47050
1639,2019/04/18,45600
1640,2019/04/19,45300
1641,2019/04/22,45350
1642,2019/04/23,45200
1643,2019/04/24,44750
1644,2019/04/25,44650
1645,2019/04/26,44850
1646,2019/04/29,46150
1647,2019/04/30,45850
1648,2019/05/01,45850
1649,2019/05/02,45900
1650,2019/05/03,45300
1651,2019/05/06,45300
1652,2019/05/07,44850
1653,2019/05/08,44250
1654,2019/05/09,42450
1655,2019/05/10,42900
1656,2019/05/13,42650
1657,2019/05/14,42650
1658,2019/05/15,42550
1659,2019/05/16,41550
1660,2019/05/17,41200
1661,2019/05/20,42000
1662,2019/05/21,43150
1663,2019/05/23,43850
1664,2019/05/24,42700
1665,2019/05/27,42650
1666,2019/05/28,42550
1667,2019/05/29,41800
1668,2019/05/30,42550
1669,2019/05/31,42500
1670,2019/06/03,43800
1671,2019/06/04,43450
1672,2019/06/05,43900
1673,2019/06/06,43900
1674,2019/06/07,44200
1675,2019/06/10,44800
1676,2019/06/11,44850
1677,2019/06/12,44600
1678,2019/06/13,43750
1679,2019/06/14,44000
1680,2019/06/17,43900
1681,2019/06/18,44350
1682,2019/06/19,45350
1683,2019/06/20,45500
1684,2019/06/21,45700
1685,2019/06/24,45500
1686,2019/06/25,45600
1687,2019/06/26,45700
1688,2019/06/27,46500
1689,2019/06/28,47000
1690,2019/07/01,46600
1691,2019/07/02,46250
1692,2019/07/03,45400
1693,2019/07/04,46000
1694,2019/07/05,45650
1695,2019/07/08,44400
1696,2019/07/09,45100
1697,2019/07/10,45550
1698,2019/07/11,46200
1699,2019/07/12,46300
1700,2019/07/15,46450
1701,2019/07/16,46850
1702,2019/07/17,46050
1703,2019/07/18,46100
1704,2019/07/19,46800
1705,2019/07/22,47200
1706,2019/07/23,47300
1707,2019/07/24,46400
1708,2019/07/25,47200
1709,2019/07/26,47150
1710,2019/07/29,46100
1711,2019/07/30,46550
1712,2019/07/31,45350
1713,2019/08/01,45200
1714,2019/08/02,44950
1715,2019/08/05,43950
1716,2019/08/06,43500
1717,2019/08/07,43200
1718,2019/08/08,42650
1719,2019/08/09,43150
1720,2019/08/12,43700
1721,2019/08/13,43000
1722,2019/08/14,43700
1723,2019/08/15,43700
1724,2019/08/16,43900
1725,2019/08/19,43600
1726,2019/08/20,44450
1727,2019/08/21,44500
1728,2019/08/22,44050
1729,2019/08/23,43950
1730,2019/08/26,43600
1731,2019/08/27,44050
1732,2019/08/28,44150
1733,2019/08/29,43400
1734,2019/08/30,44000
1735,2019/09/02,43800
1736,2019/09/03,43250
1737,2019/09/04,44100
1738,2019/09/05,45700
1739,2019/09/06,46300
1740,2019/09/09,46900
1741,2019/09/10,47000
1742,2019/09/11,47150
1743,2019/09/12,47150
1744,2019/09/13,47150
1745,2019/09/16,47100
1746,2019/09/17,46900
1747,2019/09/18,47700
1748,2019/09/19,49150
1749,2019/09/20,49200
1750,2019/09/23,49300
1751,2019/09/24,49500
1752,2019/09/25,48900
1753,2019/09/26,49200
1754,2019/09/27,48400
1755,2019/09/30,49050
1756,2019/10/01,48850
1757,2019/10/02,47600
1758,2019/10/03,47600
1759,2019/10/04,48000
1760,2019/10/07,47750
1761,2019/10/08,48900
1762,2019/10/09,48900
1763,2019/10/10,48550
1764,2019/10/11,49150
1765,2019/10/14,50000
1766,2019/10/15,50100
1767,2019/10/16,50700
1768,2019/10/17,50500
1769,2019/10/18,49900
1770,2019/10/21,50300
1771,2019/10/22,51200
1772,2019/10/23,51200
1773,2019/10/24,50700
1774,2019/10/25,50900
1775,2019/10/28,51300
1776,2019/10/29,51100
1777,2019/10/30,50400
1778,2019/10/31,50400
1779,2019/11/01,51200
1780,2019/11/04,52300
1781,2019/11/05,52700
1782,2019/11/06,53300
1783,2019/11/07,52900
1784,2019/11/08,52100
1785,2019/11/11,51600
1786,2019/11/12,52600
1787,2019/11/13,52500
1788,2019/11/14,52800
1789,2019/11/15,53700
1790,2019/11/18,53500
1791,2019/11/19,53500
1792,2019/11/20,52000
1793,2019/11/21,51000
1794,2019/11/22,51600
1795,2019/11/25,51800
1796,2019/11/26,51800
1797,2019/11/27,52200
1798,2019/11/28,51300
1799,2019/11/29,50300
1800,2019/12/02,50400
1801,2019/12/03,49900
1802,2019/12/04,49450
1803,2019/12/05,49500
1804,2019/12/06,50400
1805,2019/12/09,51200
1806,2019/12/10,51500
1807,2019/12/11,51900
1808,2019/12/12,53300
1809,2019/12/13,54700
1810,2019/12/16,54700
1811,2019/12/17,56700
1812,2019/12/18,56300
1813,2019/12/19,56000
1814,2019/12/20,56000
1815,2019/12/23,55500
1816,2019/12/24,55000
1817,2019/12/25,55000
1818,2019/12/26,55400
1819,2019/12/27,56500
1820,2019/12/30,55800
1821,2019/12/31,55800
1822,2020/01/01,55800
1823,2020/01/02,55200
1824,2020/01/03,55500
1825,2020/01/06,55500
1826,2020/01/07,55800
1827,2020/01/08,56800
1828,2020/01/09,58600
1829,2020/01/10,59500
1830,2020/01/13,60000
1831,2020/01/14,60000
1832,2020/01/15,59000
1833,2020/01/16,60700
1834,2020/01/17,61300
1835,2020/01/20,62400
1836,2020/01/21,61400
1837,2020/01/22,62300
1838,2020/01/23,60800
1839,2020/01/24,60800
1840,2020/01/27,60800
1841,2020/01/28,58800
1842,2020/01/29,59100
1843,2020/01/30,57200
1844,2020/01/31,56400
1845,2020/02/03,57200
1846,2020/02/04,58900
1847,2020/02/05,59500
1848,2020/02/06,61100
1849,2020/02/07,60400
1850,2020/02/10,59700
1851,2020/02/11,59900
1852,2020/02/12,60500
1853,2020/02/13,60700
1854,2020/02/14,61800
1855,2020/02/17,61500
1856,2020/02/18,59800
1857,2020/02/19,60200
1858,2020/02/20,60000
1859,2020/02/21,59200
1860,2020/02/24,56800
1861,2020/02/25,57900
1862,2020/02/26,56500
1863,2020/02/27,55900
1864,2020/02/28,54200
1865,2020/03/02,55000
1866,2020/03/03,55400
1867,2020/03/04,57400
1868,2020/03/05,57800
1869,2020/03/06,56500
1870,2020/03/09,54200
1871,2020/03/10,54600
1872,2020/03/11,52100
1873,2020/03/12,50800
1874,2020/03/13,49950
1875,2020/03/16,48900
1876,2020/03/17,47300
1877,2020/03/18,45600
1878,2020/03/19,42950
1879,2020/03/20,45400
1880,2020/03/23,42500
1881,2020/03/24,46950
1882,2020/03/25,48650
1883,2020/03/26,47800
1884,2020/03/27,48300
1885,2020/03/30,47850
1886,2020/03/31,47750
1887,2020/04/01,45800
1888,2020/04/02,46800
1889,2020/04/03,47000
1890,2020/04/06,48700
1891,2020/04/07,49600
1892,2020/04/08,48600
1893,2020/04/09,49100
1894,2020/04/10,49250
1895,2020/04/13,48300
1896,2020/04/14,49000
1897,2020/04/15,49000
1898,2020/04/16,49000
1899,2020/04/17,51400
1900,2020/04/20,50100
1901,2020/04/21,49250
1902,2020/04/22,49850
1903,2020/04/23,49850
1904,2020/04/24,49350
1905,2020/04/27,49850
1906,2020/04/28,50100
1907,2020/04/29,50000
1908,2020/04/30,50000
1909,2020/05/01,50000
1910,2020/05/04,48500
1911,2020/05/05,48500
1912,2020/05/06,49200
1913,2020/05/07,48800
1914,2020/05/08,48800
1915,2020/05/11,48400
1916,2020/05/12,47900
1917,2020/05/13,48550
1918,2020/05/14,48000
1919,2020/05/15,47850
1920,2020/05/18,48800
1921,2020/05/19,50300
1922,2020/05/20,50000
1923,2020/05/21,49950
1924,2020/05/22,48750
1925,2020/05/25,48850
1926,2020/05/26,49250
1927,2020/05/27,49900
1928,2020/05/28,50400
1929,2020/05/29,50700
1930,2020/06/01,51200
1931,2020/06/02,51400
1932,2020/06/03,54500
1933,2020/06/04,54600
1934,2020/06/05,55500
1935,2020/06/08,54900
1936,2020/06/09,55500
1937,2020/06/10,55400
1938,2020/06/11,54300
1939,2020/06/12,52300
1940,2020/06/15,49900
1941,2020/06/16,52100
1942,2020/06/17,52200
1943,2020/06/18,52300
1944,2020/06/19,52900
1945,2020/06/22,52000
1946,2020/06/23,51400
1947,2020/06/24,52900
1948,2020/06/25,51900
1949,2020/06/26,53300
1950,2020/06/29,52400
1951,2020/06/30,52800
1952,2020/07/01,52600
1953,2020/07/02,52900
1954,2020/07/03,53600
1955,2020/07/06,55000
1956,2020/07/07,53400
1957,2020/07/08,53000
1958,2020/07/09,52800
1959,2020/07/10,52700
1960,2020/07/13,53400
1961,2020/07/14,53800
1962,2020/07/15,54700
1963,2020/07/16,53800
1964,2020/07/17,54400
1965,2020/07/20,54200
1966,2020/07/21,55300
1967,2020/07/22,54700
1968,2020/07/23,54100
1969,2020/07/24,54200
1970,2020/07/27,55600
1971,2020/07/28,58600
1972,2020/07/29,59000
1973,2020/07/30,59000
1974,2020/07/31,57900
1975,2020/08/03,56800
1976,2020/08/04,57300
1977,2020/08/05,56900
1978,2020/08/06,58000
1979,2020/08/07,57500
1980,2020/08/10,57800
1981,2020/08/11,58200
1982,2020/08/12,59000
1983,2020/08/13,58700
1984,2020/08/14,58000
1985,2020/08/17,58000
1986,2020/08/18,58400
1987,2020/08/19,57800
1988,2020/08/20,55400
1989,2020/08/21,55900
1990,2020/08/24,56100
1991,2020/08/25,56400
1992,2020/08/26,56400
1993,2020/08/27,55600
1994,2020/08/28,55400
1995,2020/08/31,54000
1996,2020/09/01,54200
1997,2020/09/02,54400
1998,2020/09/03,56400
1999,2020/09/04,55600
2000,2020/09/07,56500
2001,2020/09/08,58700
2002,2020/09/09,58400
2003,2020/09/10,59200
2004,2020/09/11,59000
2005,2020/09/14,60400
2006,2020/09/15,61000
2007,2020/09/16,61000
2008,2020/09/17,59500
2009,2020/09/18,59300
2010,2020/09/21,59200
2011,2020/09/22,58200
2012,2020/09/23,58600
2013,2020/09/24,57800
2014,2020/09/25,57900
2015,2020/09/28,58200
2016,2020/09/29,58200
2017,2020/09/30,58200
2018,2020/10/01,58200
2019,2020/10/02,58200
2020,2020/10/05,58700
2021,2020/10/06,59000
2022,2020/10/07,59900
2023,2020/10/08,59700
2024,2020/10/09,59700
2025,2020/10/12,60400
2026,2020/10/13,60900
2027,2020/10/14,60900
2028,2020/10/15,60000
2029,2020/10/16,59500
2030,2020/10/19,60000
2031,2020/10/20,60900
2032,2020/10/21,60900
2033,2020/10/22,60100
2034,2020/10/23,60200
2035,2020/10/26,60400
2036,2020/10/27,59800
2037,2020/10/28,59000
2038,2020/10/29,58100
2039,2020/10/30,56600
2040,2020/11/02,57400
2041,2020/11/03,58800
2042,2020/11/04,58500
2043,2020/11/05,60300
2044,2020/11/06,60100
2045,2020/11/09,60200
2046,2020/11/10,60200
2047,2020/11/11,61300
2048,2020/11/12,61000
2049,2020/11/13,63200
2050,2020/11/16,66300
2051,2020/11/17,65700
2052,2020/11/18,64800
2053,2020/11/19,64600
2054,2020/11/20,64700
2055,2020/11/23,67500
2056,2020/11/24,67700
2057,2020/11/25,66600
2058,2020/11/26,68000
2059,2020/11/27,68200
2060,2020/11/30,66700
2061,2020/12/01,67800
2062,2020/12/02,69500
2063,2020/12/03,69700
2064,2020/12/04,71500
2065,2020/12/07,72900
2066,2020/12/08,71700
2067,2020/12/09,73900
2068,2020/12/10,72900
2069,2020/12/11,73400
2070,2020/12/14,73800
2071,2020/12/15,73800
2072,2020/12/16,73800
2073,2020/12/17,73300
2074,2020/12/18,73000
2075,2020/12/21,73000
2076,2020/12/22,72300
2077,2020/12/23,73900
2078,2020/12/24,77800
2079,2020/12/25,77800
2080,2020/12/28,78700
2081,2020/12/29,78300
2082,2020/12/30,81000
2083,2020/12/31,81000
2084,2021/01/01,81000
2085,2021/01/04,83000
2086,2021/01/05,83900
2087,2021/01/06,82200
2088,2021/01/07,82900
2089,2021/01/08,88800
2090,2021/01/11,91000
2091,2021/01/12,90600
2092,2021/01/13,89700
2093,2021/01/14,89700
2094,2021/01/15,88000
2095,2021/01/18,85000
2096,2021/01/19,87000
2097,2021/01/20,87200
2098,2021/01/21,88100
2099,2021/01/22,86800
2100,2021/01/25,89400
2101,2021/01/26,86700
2102,2021/01/27,85600
2103,2021/01/28,83700
2104,2021/01/29,82000
2105,2021/02/01,83000
2106,2021/02/02,84400
2107,2021/02/03,84600
2108,2021/02/04,82500
2109,2021/02/05,83500
2110,2021/02/08,83000
2111,2021/02/09,82700
2112,2021/02/10,81600
2113,2021/02/11,81600
2114,2021/02/12,81600
2115,2021/02/15,84200
2116,2021/02/16,84900
2117,2021/02/17,83200
2118,2021/02/18,82100
2119,2021/02/19,82600
2120,2021/02/22,82200
2121,2021/02/23,82000
2122,2021/02/24,82000
2123,2021/02/25,85300
2124,2021/02/26,82500
2125,2021/03/01,82500
2126,2021/03/02,83600
2127,2021/03/03,84000
2128,2021/03/04,82400
2129,2021/03/05,82100
2130,2021/03/08,82000
2131,2021/03/09,81400
2132,2021/03/10,80900
2133,2021/03/11,82000
2134,2021/03/12,82800
2135,2021/03/15,81800
2136,2021/03/16,82800
2137,2021/03/17,82300
2138,2021/03/18,82900
2139,2021/03/19,81900
2140,2021/03/22,82000
2141,2021/03/23,81800
2142,2021/03/24,81000
2143,2021/03/25,81200
2144,2021/03/26,81500
2145,2021/03/29,81600
2146,2021/03/30,82200
2147,2021/03/31,81400
2148,2021/04/01,82900
2149,2021/04/02,84800
2150,2021/04/05,85400
2151,2021/04/06,86000
2152,2021/04/07,85600
2153,2021/04/08,84700
2154,2021/04/09,83600
2155,2021/04/12,83200
2156,2021/04/13,84000
2157,2021/04/14,84000
2158,2021/04/15,84100
2159,2021/04/16,83900
2160,2021/04/19,83300
2161,2021/04/20,83900
2162,2021/04/21,82600
2163,2021/04/22,82400
2164,2021/04/23,82800
2165,2021/04/26,83500
2166,2021/04/27,82900
2167,2021/04/28,82100
2168,2021/04/29,81700
2169,2021/04/30,81500
2170,2021/05/03,81700
2171,2021/05/04,82600
2172,2021/05/05,82600
2173,2021/05/06,82300
2174,2021/05/07,81900
2175,2021/05/10,83200
2176,2021/05/11,81200
2177,2021/05/12,80000
2178,2021/05/13,78500
2179,2021/05/14,80100
2180,2021/05/17,79600
2181,2021/05/18,79600
2182,2021/05/19,79600
2183,2021/05/20,79500
2184,2021/05/21,80100
2185,2021/05/24,79700
2186,2021/05/25,79900
2187,2021/05/26,79800
2188,2021/05/27,79600
2189,2021/05/28,80100
2190,2021/05/31,80500
2191,2021/06/01,80600
2192,2021/06/02,80800
2193,2021/06/03,82800
2194,2021/06/04,82200
2195,2021/06/07,81900
2196,2021/06/08,81900
2197,2021/06/09,81100
2198,2021/06/10,81000
2199,2021/06/11,81000
2200,2021/06/14,80500
2201,2021/06/15,80900
2202,2021/06/16,81800
2203,2021/06/17,80900
2204,2021/06/18,80500
2205,2021/06/21,79900
2206,2021/06/22,80000
2207,2021/06/23,80100
2208,2021/06/24,81200
2209,2021/06/25,81600
2210,2021/06/28,81900
2211,2021/06/29,81000
2212,2021/06/30,80700
2213,2021/07/01,80100
2214,2021/07/02,80000
2215,2021/07/05,80400
2216,2021/07/06,81200
2217,2021/07/07,80800
2218,2021/07/08,79900
2219,2021/07/09,79400
2220,2021/07/12,79700
2221,2021/07/13,79800
2222,2021/07/14,79500
2223,2021/07/15,80600
2224,2021/07/16,79800
2225,2021/07/19,79000
2226,2021/07/20,79000
2227,2021/07/21,78500
2228,2021/07/22,79700
2229,2021/07/23,79300
2230,2021/07/26,78800
2231,2021/07/27,78500
2232,2021/07/28,79200
2233,2021/07/29,79000
2234,2021/07/30,78500
2235,2021/08/02,79300
2236,2021/08/03,81400
2237,2021/08/04,82900
2238,2021/08/05,82100
2239,2021/08/06,81500
2240,2021/08/09,81500
2241,2021/08/10,80200
2242,2021/08/11,78500
2243,2021/08/12,77000
2244,2021/08/13,74400
2245,2021/08/16,74400
2246,2021/08/17,74200
2247,2021/08/18,73900
2248,2021/08/19,73100
2249,2021/08/20,72700
2250,2021/08/23,73300
2251,2021/08/24,75600
2252,2021/08/25,75700
2253,2021/08/26,74600
2254,2021/08/27,74300
2255,2021/08/30,74600
2256,2021/08/31,76700
2257,2021/09/01,76800
2258,2021/09/02,76000
2259,2021/09/03,76600
2260,2021/09/06,77300
2261,2021/09/07,76100
2262,2021/09/08,76300
2263,2021/09/09,75300
2264,2021/09/10,75300
2265,2021/09/13,76300
2266,2021/09/14,76600
2267,2021/09/15,77000
2268,2021/09/16,76100
2269,2021/09/17,77200
2270,2021/09/20,77200
2271,2021/09/21,77200
2272,2021/09/22,77200
2273,2021/09/23,77400
2274,2021/09/24,77300
2275,2021/09/27,77700
2276,2021/09/28,76300
2277,2021/09/29,74100
2278,2021/09/30,74100
2279,2021/10/01,73200
2280,2021/10/04,73200
2281,2021/10/05,72200
2282,2021/10/06,71300
2283,2021/10/07,71600
2284,2021/10/08,71500
2285,2021/10/11,71500
2286,2021/10/12,69000
2287,2021/10/13,68800
2288,2021/10/14,69400
2289,2021/10/15,70100
2290,2021/10/18,70200
2291,2021/10/19,70600
2292,2021/10/20,70300
2293,2021/10/21,70200
2294,2021/10/22,70400
2295,2021/10/25,70200
2296,2021/10/26,71100
2297,2021/10/27,70100
2298,2021/10/28,70700
2299,2021/10/29,69800
2300,2021/11/01,69900
2301,2021/11/02,71500
2302,2021/11/03,70400
2303,2021/11/04,70600
2304,2021/11/05,70200
2305,2021/11/08,70600
2306,2021/11/09,70500
2307,2021/11/10,70200
2308,2021/11/11,69900
2309,2021/11/12,70600
2310,2021/11/15,71400
2311,2021/11/16,71300
2312,2021/11/17,70700
2313,2021/11/18,70200
2314,2021/11/19,71200
2315,2021/11/22,74900
2316,2021/11/23,75300
2317,2021/11/24,74800
2318,2021/11/25,73700
2319,2021/11/26,72300
2320,2021/11/29,72300
2321,2021/11/30,71300
2322,2021/12/01,74400
2323,2021/12/02,75800
2324,2021/12/03,75600
2325,2021/12/06,76300
2326,2021/12/07,77400
2327,2021/12/08,77400
2328,2021/12/09,78200
2329,2021/12/10,76900
2330,2021/12/13,76800
2331,2021/12/14,77000
2332,2021/12/15,77600
2333,2021/12/16,77800
2334,2021/12/17,78000
2335,2021/12/20,77100
2336,2021/12/21,78100
2337,2021/12/22,79400
2338,2021/12/23,79900
2339,2021/12/24,80500
2340,2021/12/27,80200
2341,2021/12/28,80300
2342,2021/12/29,78800
2343,2021/12/30,78300
2344,2021/12/31,78300
2345,2022/01/03,78600
2346,2022/01/04,78700
2347,2022/01/05,77400
2348,2022/01/06,76900
2349,2022/01/07,78300
2350,2022/01/10,78000
2351,2022/01/11,78900
2352,2022/01/12,78900
2353,2022/01/13,77900
2354,2022/01/14,77300
2355,2022/01/17,77500
2356,2022/01/18,77000
2357,2022/01/19,76300
2358,2022/01/20,76500
2359,2022/01/21,75600
2360,2022/01/24,75100
2361,2022/01/25,74000
2362,2022/01/26,73300
2363,2022/01/27,71300
2364,2022/01/28,73300
2365,2022/01/31,73300
2366,2022/02/01,73300
2367,2022/02/02,73300
2368,2022/02/03,73300
2369,2022/02/04,74000
2370,2022/02/07,73000
2371,2022/02/08,73500
2372,2022/02/09,74700
2373,2022/02/10,75400
2374,2022/02/11,74900
2375,2022/02/14,73700
2376,2022/02/15,73700
2377,2022/02/16,74800
2378,2022/02/17,75000
2379,2022/02/18,74300
2380,2022/02/21,74200
2381,2022/02/22,73400
2382,2022/02/23,73000
2383,2022/02/24,71500
2384,2022/02/25,71900
2385,2022/02/28,72100
2386,2022/03/01,72100
2387,2022/03/02,71700
2388,2022/03/03,72900
2389,2022/03/04,71500
2390,2022/03/07,70100
2391,2022/03/08,69500
2392,2022/03/09,69500
2393,2022/03/10,71200
2394,2022/03/11,70000
2395,2022/03/14,70200
2396,2022/03/15,69500
2397,2022/03/16,70400
2398,2022/03/17,71200
2399,2022/03/18,70700
2400,2022/03/21,69900
2401,2022/03/22,70300
2402,2022/03/23,70500
2403,2022/03/24,69800
2404,2022/03/25,69800
2405,2022/03/28,69700
2406,2022/03/29,70200
2407,2022/03/30,69900
2408,2022/03/31,69600
2409,2022/04/01,69100
2410,2022/04/04,69300
2411,2022/04/05,69200
2412,2022/04/06,68500
2413,2022/04/07,68000
2414,2022/04/08,67800
2415,2022/04/11,67900
2416,2022/04/12,67000
2417,2022/04/13,68700
2418,2022/04/14,67500
2419,2022/04/15,66600
2420,2022/04/18,66700
2421,2022/04/19,67300
2422,2022/04/20,67400
2423,2022/04/21,67700
2424,2022/04/22,67000
2425,2022/04/25,66300
2426,2022/04/26,66100
2427,2022/04/27,65000
2428,2022/04/28,64800
2429,2022/04/29,67400
2430,2022/05/02,67300
2431,2022/05/03,67500
2432,2022/05/04,67900
2433,2022/05/05,67900
2434,2022/05/06,66500
2435,2022/05/09,66100
2436,2022/05/10,65700
2437,2022/05/11,65700
2438,2022/05/12,64900
2439,2022/05/13,66500
2440,2022/05/16,66300
2441,2022/05/17,67600
2442,2022/05/18,68100
2443,2022/05/19,67500
2444,2022/05/20,68000
2445,2022/05/23,67900
2446,2022/05/24,66500
2447,2022/05/25,66400
2448,2022/05/26,65900
2449,2022/05/27,66500
2450,2022/05/30,67700
2451,2022/05/31,67400
2452,2022/06/01,67400
2453,2022/06/02,66700
2454,2022/06/03,66800
2455,2022/06/06,66800
2456,2022/06/07,65500
2457,2022/06/08,65300
2458,2022/06/09,65200
2459,2022/06/10,63800
2460,2022/06/13,62100
2461,2022/06/14,61900
2462,2022/06/15,60700
2463,2022/06/16,60900
2464,2022/06/17,59800
2465,2022/06/20,58700
2466,2022/06/21,58500
2467,2022/06/22,57600
2468,2022/06/23,57400
2469,2022/06/24,58400
2470,2022/06/27,58800
2471,2022/06/28,59400
2472,2022/06/29,58000
2473,2022/06/30,57000
2474,2022/07/01,56200
2475,2022/07/04,57100
2476,2022/07/05,57200
2477,2022/07/06,56400
2478,2022/07/07,58200
2479,2022/07/08,58700
2480,2022/07/11,58800
2481,2022/07/12,58100
2482,2022/07/13,58000
2483,2022/07/14,57500
2484,2022/07/15,60000
2485,2022/07/18,61900
2486,2022/07/19,60900
2487,2022/07/20,60500
2488,2022/07/21,61800
2489,2022/07/22,61300
2490,2022/07/25,61100
2491,2022/07/26,61700
2492,2022/07/27,61800
2493,2022/07/28,61900
2494,2022/07/29,61400
2495,2022/08/01,61300
2496,2022/08/02,61700
2497,2022/08/03,61300
2498,2022/08/04,61500
2499,2022/08/05,61500
2500,2022/08/08,60800
2501,2022/08/09,60000
2502,2022/08/10,59100
2503,2022/08/11,59900
2504,2022/08/12,60200
2505,2022/08/15,60200
2506,2022/08/16,61000
2507,2022/08/17,60400
2508,2022/08/18,61500
2509,2022/08/19,60900
2510,2022/08/22,60000
2511,2022/08/23,59100
2512,2022/08/24,59000
2513,2022/08/25,59700
2514,2022/08/26,60000
2515,2022/08/29,58600
2516,2022/08/30,58800
2517,2022/08/31,59700
2518,2022/09/01,58400
2519,2022/09/02,57500
2520,2022/09/05,57100
2521,2022/09/06,57100
2522,2022/09/07,56000
2523,2022/09/08,55600
2524,2022/09/09,55600
2525,2022/09/12,55600
2526,2022/09/13,58100
2527,2022/09/14,56800
2528,2022/09/15,56000
2529,2022/09/16,56200
2530,2022/09/19,56400
2531,2022/09/20,55800
2532,2022/09/21,55300
2533,2022/09/22,54400
2534,2022/09/23,54500
2535,2022/09/26,53900
2536,2022/09/27,54200
2537,2022/09/28,52900
2538,2022/09/29,52600
2539,2022/09/30,53100
2540,2022/10/03,53100
2541,2022/10/04,55200
2542,2022/10/05,56000
2543,2022/10/06,56300
2544,2022/10/07,56200
2545,2022/10/10,56200
2546,2022/10/11,55400
2547,2022/10/12,55800
2548,2022/10/13,55200
2549,2022/10/14,56300
2550,2022/10/17,56600
2551,2022/10/18,56500
2552,2022/10/19,55800
2553,2022/10/20,55500
2554,2022/10/21,55900
2555,2022/10/24,57500
2556,2022/10/25,57700
2557,2022/10/26,59400
2558,2022/10/27,59500
2559,2022/10/28,57300
2560,2022/10/31,59400
2561,2022/11/01,60000
2562,2022/11/02,59600
2563,2022/11/03,59200
2564,2022/11/04,59400
2565,2022/11/07,60200
2566,2022/11/08,61800
2567,2022/11/09,62000
2568,2022/11/10,60400
2569,2022/11/11,62900
2570,2022/11/14,61900
2571,2022/11/15,62400
2572,2022/11/16,62700
2573,2022/11/17,61400
2574,2022/11/18,61800
2575,2022/11/21,61400
2576,2022/11/22,60600
2577,2022/11/23,61000
2578,2022/11/24,61400
2579,2022/11/25,61000
2580,2022/11/28,60100
2581,2022/11/29,60600
2582,2022/11/30,62200
2583,2022/12/01,62600
2584,2022/12/02,60400
2585,2022/12/05,60300
2586,2022/12/06,59200
2587,2022/12/07,58900
2588,2022/12/08,59200
2589,2022/12/09,60400
2590,2022/12/12,59500
2591,2022/12/13,59700
2592,2022/12/14,60500
2593,2022/12/15,59300
2594,2022/12/16,59500
2595,2022/12/19,59500
2596,2022/12/20,58600
2597,2022/12/21,58000
2598,2022/12/22,59100
2599,2022/12/23,58100
2600,2022/12/26,57900
2601,2022/12/27,58100
2602,2022/12/28,56600
2603,2022/12/29,55300
2604,2022/12/30,55300
2605,2013/01/05,55300
2606,2013/01/06,55300
2607,2013/01/12,55300
2608,2013/01/13,55300
2609,2013/01/19,55300
2610,2013/01/20,55300
2611,2013/01/26,55300
2612,2013/01/27,55300
2613,2013/02/02,55300
2614,2013/02/03,55300
2615,2013/02/09,55300
2616,2013/02/10,55300
2617,2013/02/16,55300
2618,2013/02/17,55300
2619,2013/02/23,55300
2620,2013/02/24,55300
2621,2013/03/02,55300
2622,2013/03/03,55300
2623,2013/03/09,55300
2624,2013/03/10,55300
2625,2013/03/16,55300
2626,2013/03/17,55300
2627,2013/03/23,55300
2628,2013/03/24,55300
2629,2013/03/30,55300
2630,2013/03/31,55300
2631,2013/04/06,55300
2632,2013/04/07,55300
2633,2013/04/13,55300
2634,2013/04/14,55300
2635,2013/04/20,55300
2636,2013/04/21,55300
2637,2013/04/27,55300
2638,2013/04/28,55300
2639,2013/05/04,55300
2640,2013/05/05,55300
2641,2013/05/11,55300
2642,2013/05/12,55300
2643,2013/05/18,55300
2644,2013/05/19,55300
2645,2013/05/25,55300
2646,2013/05/26,55300
2647,2013/06/01,55300
2648,2013/06/02,55300
2649,2013/06/08,55300
2650,2013/06/09,55300
2651,2013/06/15,55300
2652,2013/06/16,55300
2653,2013/06/22,55300
2654,2013/06/23,55300
2655,2013/06/29,55300
2656,2013/06/30,55300
2657,2013/07/06,55300
2658,2013/07/07,55300
2659,2013/07/13,55300
2660,2013/07/14,55300
2661,2013/07/20,55300
2662,2013/07/21,55300
2663,2013/07/27,55300
2664,2013/07/28,55300
2665,2013/08/03,55300
2666,2013/08/04,55300
2667,2013/08/10,55300
2668,2013/08/11,55300
2669,2013/08/17,55300
2670,2013/08/18,55300
2671,2013/08/24,55300
2672,2013/08/25,55300
2673,2013/08/31,55300
2674,2013/09/01,55300
2675,2013/09/07,55300
2676,2013/09/08,55300
2677,2013/09/14,55300
2678,2013/09/15,55300
2679,2013/09/21,55300
2680,2013/09/22,55300
2681,2013/09/28,55300
2682,2013/09/29,55300
2683,2013/10/05,55300
2684,2013/10/06,55300
2685,2013/10/08,28600
2686,2013/10/12,28600
2687,2013/10/13,28600
2688,2013/10/19,28600
2689,2013/10/20,28600
2690,2013/10/26,28600
2691,2013/10/27,28600
2692,2013/11/02,28600
2693,2013/11/03,28600
2694,2013/11/09,28600
2695,2013/11/10,28600
2696,2013/11/16,28600
2697,2013/11/17,28600
2698,2013/11/23,28600
2699,2013/11/24,28600
2700,2013/11/30,28600
2701,2013/12/01,28600
2702,2013/12/07,28600
2703,2013/12/08,28600
2704,2013/12/14,28600
2705,2013/12/15,28600
2706,2013/12/21,28600
2707,2013/12/22,28600
2708,2013/12/28,28600
2709,2013/12/29,28600
2710,2014/01/04,28600
2711,2014/01/05,28600
2712,2014/01/11,28600
2713,2014/01/12,28600
2714,2014/01/18,28600
2715,2014/01/19,28600
2716,2014/01/25,28600
2717,2014/01/26,28600
2718,2014/02/01,28600
2719,2014/02/02,28600
2720,2014/02/08,28600
2721,2014/02/09,28600
2722,2014/02/15,28600
2723,2014/02/16,28600
2724,2014/02/22,28600
2725,2014/02/23,28600
2726,2014/03/01,28600
2727,2014/03/02,28600
2728,2014/03/08,28600
2729,2014/03/09,28600
2730,2014/03/15,28600
2731,2014/03/16,28600
2732,2014/03/22,28600
2733,2014/03/23,28600
2734,2014/03/29,28600
2735,2014/03/30,28600
2736,2014/04/05,28600
2737,2014/04/06,28600
2738,2014/04/12,28600
2739,2014/04/13,28600
2740,2014/04/19,28600
2741,2014/04/20,28600
2742,2014/04/26,28600
2743,2014/04/27,28600
2744,2014/05/03,28600
2745,2014/05/04,28600
2746,2014/05/10,28600
2747,2014/05/11,28600
2748,2014/05/17,28600
2749,2014/05/18,28600
2750,2014/05/24,28600
2751,2014/05/25,28600
2752,2014/05/31,28600
2753,2014/06/01,28600
2754,2014/06/07,28600
2755,2014/06/08,28600
2756,2014/06/14,28600
2757,2014/06/15,28600
2758,2014/06/21,28600
2759,2014/06/22,28600
2760,2014/06/28,28600
2761,2014/06/29,28600
2762,2014/07/05,28600
2763,2014/07/06,28600
2764,2014/07/12,28600
2765,2014/07/13,28600
2766,2014/07/19,28600
2767,2014/07/20,28600
2768,2014/07/26,28600
2769,2014/07/27,28600
2770,2014/08/02,28600
2771,2014/08/03,28600
2772,2014/08/09,28600
2773,2014/08/10,28600
2774,2014/08/16,28600
2775,2014/08/17,28600
2776,2014/08/23,28600
2777,2014/08/24,28600
2778,2014/08/30,28600
2779,2014/08/31,28600
2780,2014/09/06,28600
2781,2014/09/07,28600
2782,2014/09/13,28600
2783,2014/09/14,28600
2784,2014/09/20,28600
2785,2014/09/21,28600
2786,2014/09/27,28600
2787,2014/09/28,28600
2788,2014/10/04,28600
2789,2014/10/05,28600
2790,2014/10/11,28600
2791,2014/10/12,28600
2792,2014/10/18,28600
2793,2014/10/19,28600
2794,2014/10/25,28600
2795,2014/10/26,28600
2796,2014/11/01,28600
2797,2014/11/02,28600
2798,2014/11/08,28600
2799,2014/11/09,28600
2800,2014/11/15,28600
2801,2014/11/16,28600
2802,2014/11/22,28600
2803,2014/11/23,28600
2804,2014/11/29,28600
2805,2014/11/30,28600
2806,2014/12/06,28600
2807,2014/12/07,28600
2808,2014/12/13,28600
2809,2014/12/14,28600
2810,2014/12/20,28600
2811,2014/12/21,28600
2812,2014/12/27,28600
2813,2014/12/28,28600
2814,2015/01/03,28600
2815,2015/01/04,28600
2816,2015/01/10,28600
2817,2015/01/11,28600
2818,2015/01/17,28600
2819,2015/01/18,28600
2820,2015/01/24,28600
2821,2015/01/25,28600
2822,2015/01/31,28600
2823,2015/02/01,28600
2824,2015/02/07,28600
2825,2015/02/08,28600
2826,2015/02/14,28600
2827,2015/02/15,28600
2828,2015/02/21,28600
2829,2015/02/22,28600
2830,2015/02/28,28600
2831,2015/03/01,28600
2832,2015/03/07,28600
2833,2015/03/08,28600
2834,2015/03/14,28600
2835,2015/03/15,28600
2836,2015/03/21,28600
2837,2015/03/22,28600
2838,2015/03/28,28600
2839,2015/03/29,28600
2840,2015/04/04,28600
2841,2015/04/05,28600
2842,2015/04/11,28600
2843,2015/04/12,28600
2844,2015/04/18,28600
2845,2015/04/19,28600
2846,2015/04/25,28600
2847,2015/04/26,28600
2848,2015/05/02,28600
2849,2015/05/03,28600
2850,2015/05/09,28600
2851,2015/05/10,28600
2852,2015/05/16,28600
2853,2015/05/17,28600
2854,2015/05/23,28600
2855,2015/05/24,28600
2856,2015/05/30,28600
2857,2015/05/31,28600
2858,2015/06/06,28600
2859,2015/06/07,28600
2860,2015/06/13,28600
2861,2015/06/14,28600
2862,2015/06/20,28600
2863,2015/06/21,28600
2864,2015/06/27,28600
2865,2015/06/28,28600
2866,2015/07/04,28600
2867,2015/07/05,28600
2868,2015/07/11,28600
2869,2015/07/12,28600
2870,2015/07/18,28600
2871,2015/07/19,28600
2872,2015/07/25,28600
2873,2015/07/26,28600
2874,2015/08/01,28600
2875,2015/08/02,28600
2876,2015/08/08,28600
2877,2015/08/09,28600
2878,2015/08/15,28600
2879,2015/08/16,28600
2880,2015/08/22,28600
2881,2015/08/23,28600
2882,2015/08/29,28600
2883,2015/08/30,28600
2884,2015/09/05,28600
2885,2015/09/06,28600
2886,2015/09/12,28600
2887,2015/09/13,28600
2888,2015/09/19,28600
2889,2015/09/20,28600
2890,2015/09/26,28600
2891,2015/09/27,28600
2892,2015/10/03,28600
2893,2015/10/04,28600
2894,2015/10/10,28600
2895,2015/10/11,28600
2896,2015/10/17,28600
2897,2015/10/18,28600
2898,2015/10/24,28600
2899,2015/10/25,28600
2900,2015/11/01,28600
2901,2015/11/07,28600
2902,2015/11/08,28600
2903,2015/11/14,28600
2904,2015/11/15,28600
2905,2015/11/21,28600
2906,2015/11/22,28600
2907,2015/11/28,28600
2908,2015/11/29,28600
2909,2015/12/05,28600
2910,2015/12/06,28600
2911,2015/12/12,28600
2912,2015/12/13,28600
2913,2015/12/19,28600
2914,2015/12/20,28600
2915,2015/12/26,28600
2916,2015/12/27,28600
2917,2016/01/02,28600
2918,2016/01/03,28600
2919,2016/01/09,28600
2920,2016/01/10,28600
2921,2016/01/16,28600
2922,2016/01/17,28600
2923,2016/01/23,28600
2924,2016/01/24,28600
2925,2016/01/30,28600
2926,2016/01/31,28600
2927,2016/02/06,28600
2928,2016/02/07,28600
2929,2016/02/13,28600
2930,2016/02/14,28600
2931,2016/02/20,28600
2932,2016/02/21,28600
2933,2016/02/27,28600
2934,2016/02/28,28600
2935,2016/03/05,28600
2936,2016/03/06,28600
2937,2016/03/12,28600
2938,2016/03/13,28600
2939,2016/03/19,28600
2940,2016/03/20,28600
2941,2016/03/26,28600
2942,2016/03/27,28600
2943,2016/04/02,28600
2944,2016/04/03,28600
2945,2016/04/09,28600
2946,2016/04/10,28600
2947,2016/04/16,28600
2948,2016/04/17,28600
2949,2016/04/23,28600
2950,2016/04/24,28600
2951,2016/04/30,28600
2952,2016/05/01,28600
2953,2016/05/07,28600
2954,2016/05/08,28600
2955,2016/05/14,28600
2956,2016/05/15,28600
2957,2016/05/21,28600
2958,2016/05/22,28600
2959,2016/05/28,28600
2960,2016/05/29,28600
2961,2016/06/04,28600
2962,2016/06/05,28600
2963,2016/06/11,28600
2964,2016/06/12,28600
2965,2016/06/18,28600
2966,2016/06/19,28600
2967,2016/06/25,28600
2968,2016/06/26,28600
2969,2016/07/02,28600
2970,2016/07/03,28600
2971,2016/07/09,28600
2972,2016/07/10,28600
2973,2016/07/16,28600
2974,2016/07/17,28600
2975,2016/07/23,28600
2976,2016/07/24,28600
2977,2016/07/30,28600
2978,2016/07/31,28600
2979,2016/08/06,28600
2980,2016/08/07,28600
2981,2016/08/13,28600
2982,2016/08/14,28600
2983,2016/08/20,28600
2984,2016/08/21,28600
2985,2016/08/27,28600
2986,2016/08/28,28600
2987,2016/09/03,28600
2988,2016/09/04,28600
2989,2016/09/10,28600
2990,2016/09/11,28600
2991,2016/09/17,28600
2992,2016/09/18,28600
2993,2016/09/24,28600
2994,2016/09/25,28600
2995,2016/10/01,28600
2996,2016/10/02,28600
2997,2016/10/08,28600
2998,2016/10/09,28600
2999,2016/10/15,28600
3000,2016/10/16,28600
3001,2016/10/22,28600
3002,2016/10/23,28600
3003,2016/10/29,28600
3004,2016/10/30,28600
3005,2016/11/05,28600
3006,2016/11/06,28600
3007,2016/11/12,28600
3008,2016/11/13,28600
3009,2016/11/19,28600
3010,2016/11/20,28600
3011,2016/11/26,28600
3012,2016/11/27,28600
3013,2016/12/03,28600
3014,2016/12/04,28600
3015,2016/12/10,28600
3016,2016/12/11,28600
3017,2016/12/17,28600
3018,2016/12/18,28600
3019,2016/12/24,28600
3020,2016/12/25,28600
3021,2016/12/31,28600
3022,2017/01/01,28600
3023,2017/01/07,28600
3024,2017/01/08,28600
3025,2017/01/14,28600
3026,2017/01/15,28600
3027,2017/01/21,28600
3028,2017/01/22,28600
3029,2017/01/28,28600
3030,2017/01/29,28600
3031,2017/02/04,28600
3032,2017/02/05,28600
3033,2017/02/11,28600
3034,2017/02/12,28600
3035,2017/02/18,28600
3036,2017/02/19,28600
3037,2017/02/25,28600
3038,2017/02/26,28600
3039,2017/03/04,28600
3040,2017/03/05,28600
3041,2017/03/11,28600
3042,2017/03/12,28600
3043,2017/03/18,28600
3044,2017/03/19,28600
3045,2017/03/25,28600
3046,2017/03/26,28600
3047,2017/04/01,28600
3048,2017/04/02,28600
3049,2017/04/08,28600
3050,2017/04/09,28600
3051,2017/04/15,28600
3052,2017/04/16,28600
3053,2017/04/22,28600
3054,2017/04/23,28600
3055,2017/04/29,28600
3056,2017/04/30,28600
3057,2017/05/06,28600
3058,2017/05/07,28600
3059,2017/05/13,28600
3060,2017/05/14,28600
3061,2017/05/20,28600
3062,2017/05/21,28600
3063,2017/05/27,28600
3064,2017/05/28,28600
3065,2017/06/03,28600
3066,2017/06/04,28600
3067,2017/06/10,28600
3068,2017/06/11,28600
3069,2017/06/17,28600
3070,2017/06/18,28600
3071,2017/06/24,28600
3072,2017/06/25,28600
3073,2017/07/01,28600
3074,2017/07/02,28600
3075,2017/07/08,28600
3076,2017/07/09,28600
3077,2017/07/11,49000
3078,2017/07/15,49000
3079,2017/07/16,49000
3080,2017/07/22,49000
3081,2017/07/23,49000
3082,2017/07/29,49000
3083,2017/07/30,49000
3084,2017/08/05,49000
3085,2017/08/06,49000
3086,2017/08/12,49000
3087,2017/08/13,49000
3088,2017/08/19,49000
3089,2017/08/20,49000
3090,2017/08/26,49000
3091,2017/08/27,49000
3092,2017/09/02,49000
3093,2017/09/03,49000
3094,2017/09/09,49000
3095,2017/09/10,49000
3096,2017/09/16,49000
3097,2017/09/17,49000
3098,2017/09/23,49000
3099,2017/09/24,49000
3100,2017/09/30,49000
3101,2017/10/01,49000
3102,2017/10/07,49000
3103,2017/10/08,49000
3104,2017/10/14,49000
3105,2017/10/15,49000
3106,2017/10/21,49000
3107,2017/10/22,49000
3108,2017/10/28,49000
3109,2017/10/29,49000
3110,2017/11/04,49000
3111,2017/11/05,49000
3112,2017/11/11,49000
3113,2017/11/12,49000
3114,2017/11/16,55780
3115,2017/11/18,55780
3116,2017/11/19,55780
3117,2017/11/25,55780
3118,2017/11/26,55780
3119,2017/12/02,55780
3120,2017/12/03,55780
3121,2017/12/09,55780
3122,2017/12/10,55780
3123,2017/12/16,55780
3124,2017/12/17,55780
3125,2017/12/23,55780
3126,2017/12/24,55780
3127,2017/12/30,55780
3128,2017/12/31,55780
3129,2018/01/06,55780
3130,2018/01/07,55780
3131,2018/01/13,55780
3132,2018/01/14,55780
3133,2018/01/20,55780
3134,2018/01/21,55780
3135,2018/01/27,55780
3136,2018/01/28,55780
3137,2018/02/03,55780
3138,2018/02/04,55780
3139,2018/02/10,55780
3140,2018/02/11,55780
3141,2018/02/17,55780
3142,2018/02/18,55780
3143,2018/02/24,55780
3144,2018/02/25,55780
3145,2018/03/03,55780
3146,2018/03/04,55780
3147,2018/03/10,55780
3148,2018/03/11,55780
3149,2018/03/17,55780
3150,2018/03/18,55780
3151,2018/03/24,55780
3152,2018/03/25,55780
3153,2018/03/31,55780
3154,2018/04/01,55780
3155,2018/04/07,55780
3156,2018/04/08,55780
3157,2018/04/14,55780
3158,2018/04/15,55780
3159,2018/04/21,55780
3160,2018/04/22,55780
3161,2018/04/28,55780
3162,2018/04/29,55780
3163,2018/05/05,55780
3164,2018/05/06,55780
3165,2018/05/12,55780
3166,2018/05/13,55780
3167,2018/05/19,55780
3168,2018/05/20,55780
3169,2018/05/26,55780
3170,2018/05/27,55780
3171,2018/06/02,55780
3172,2018/06/03,55780
3173,2018/06/09,55780
3174,2018/06/10,55780
3175,2018/06/16,55780
3176,2018/06/17,55780
3177,2018/06/23,55780
3178,2018/06/24,55780
3179,2018/06/30,55780
3180,2018/07/01,55780
3181,2018/07/07,55780
3182,2018/07/08,55780
3183,2018/07/14,55780
3184,2018/07/15,55780
3185,2018/07/21,55780
3186,2018/07/22,55780
3187,2018/07/28,55780
3188,2018/07/29,55780
3189,2018/08/04,55780
3190,2018/08/05,55780
3191,2018/08/11,55780
3192,2018/08/12,55780
3193,2018/08/18,55780
3194,2018/08/19,55780
3195,2018/08/25,55780
3196,2018/08/26,55780
3197,2018/09/01,55780
3198,2018/09/02,55780
3199,2018/09/08,55780
3200,2018/09/09,55780
3201,2018/09/15,55780
3202,2018/09/16,55780
3203,2018/09/22,55780
3204,2018/09/23,55780
3205,2018/09/29,55780
3206,2018/09/30,55780
3207,2018/10/06,55780
3208,2018/10/07,55780
3209,2018/10/13,55780
3210,2018/10/14,55780
3211,2018/10/20,55780
3212,2018/10/21,55780
3213,2018/10/27,55780
3214,2018/10/28,55780
3215,2018/11/03,55780
3216,2018/11/04,55780
3217,2018/11/10,55780
3218,2018/11/11,55780
3219,2018/11/17,55780
3220,2018/11/18,55780
3221,2018/11/24,55780
3222,2018/11/25,55780
3223,2018/12/01,55780
3224,2018/12/02,55780
3225,2018/12/08,55780
3226,2018/12/09,55780
3227,2018/12/15,55780
3228,2018/12/16,55780
3229,2018/12/22,55780
3230,2018/12/23,55780
3231,2018/12/29,55780
3232,2018/12/30,55780
3233,2019/01/05,55780
3234,2019/01/06,55780
3235,2019/01/12,55780
3236,2019/01/13,55780
3237,2019/01/19,55780
3238,2019/01/20,55780
3239,2019/01/26,55780
3240,2019/01/27,55780
3241,2019/02/02,55780
3242,2019/02/03,55780
3243,2019/02/09,55780
3244,2019/02/10,55780
3245,2019/02/16,55780
3246,2019/02/17,55780
3247,2019/02/23,55780
3248,2019/02/24,55780
3249,2019/03/02,55780
3250,2019/03/03,55780
3251,2019/03/09,55780
3252,2019/03/10,55780
3253,2019/03/16,55780
3254,2019/03/17,55780
3255,2019/03/23,55780
3256,2019/03/24,55780
3257,2019/03/30,55780
3258,2019/03/31,55780
3259,2019/04/06,55780
3260,2019/04/07,55780
3261,2019/04/13,55780
3262,2019/04/14,55780
3263,2019/04/20,55780
3264,2019/04/21,55780
3265,2019/04/27,55780
3266,2019/04/28,55780
3267,2019/05/04,55780
3268,2019/05/05,55780
3269,2019/05/11,55780
3270,2019/05/12,55780
3271,2019/05/18,55780
3272,2019/05/19,55780
3273,2019/05/22,43500
3274,2019/05/25,43500
3275,2019/05/26,43500
3276,2019/06/01,43500
3277,2019/06/02,43500
3278,2019/06/08,43500
3279,2019/06/09,43500
3280,2019/06/15,43500
3281,2019/06/16,43500
3282,2019/06/22,43500
3283,2019/06/23,43500
3284,2019/06/29,43500
3285,2019/06/30,43500
3286,2019/07/06,43500
3287,2019/07/07,43500
3288,2019/07/13,43500
3289,2019/07/14,43500
3290,2019/07/20,43500
3291,2019/07/21,43500
3292,2019/07/27,43500
3293,2019/07/28,43500
3294,2019/08/03,43500
3295,2019/08/04,43500
3296,2019/08/10,43500
3297,2019/08/11,43500
3298,2019/08/17,43500
3299,2019/08/18,43500
3300,2019/08/24,43500
3301,2019/08/25,43500
3302,2019/08/31,43500
3303,2019/09/01,43500
3304,2019/09/07,43500
3305,2019/09/08,43500
3306,2019/09/14,43500
3307,2019/09/15,43500
3308,2019/09/21,43500
3309,2019/09/22,43500
3310,2019/09/28,43500
3311,2019/09/29,43500
3312,2019/10/05,43500
3313,2019/10/06,43500
3314,2019/10/12,43500
3315,2019/10/13,43500
3316,2019/10/19,43500
3317,2019/10/20,43500
3318,2019/10/26,43500
3319,2019/10/27,43500
3320,2019/11/02,43500
3321,2019/11/03,43500
3322,2019/11/09,43500
3323,2019/11/10,43500
3324,2019/11/16,43500
3325,2019/11/17,43500
3326,2019/11/23,43500
3327,2019/11/24,43500
3328,2019/11/30,43500
3329,2019/12/01,43500
3330,2019/12/07,43500
3331,2019/12/08,43500
3332,2019/12/14,43500
3333,2019/12/15,43500
3334,2019/12/21,43500
3335,2019/12/22,43500
3336,2019/12/28,43500
3337,2019/12/29,43500
3338,2020/01/04,43500
3339,2020/01/05,43500
3340,2020/01/11,43500
3341,2020/01/12,43500
3342,2020/01/18,43500
3343,2020/01/19,43500
3344,2020/01/25,43500
3345,2020/01/26,43500
3346,2020/02/01,43500
3347,2020/02/02,43500
3348,2020/02/08,43500
3349,2020/02/09,43500
3350,2020/02/15,43500
3351,2020/02/16,43500
3352,2020/02/22,43500
3353,2020/02/23,43500
3354,2020/02/29,43500
3355,2020/03/01,43500
3356,2020/03/07,43500
3357,2020/03/08,43500
3358,2020/03/14,43500
3359,2020/03/15,43500
3360,2020/03/21,43500
3361,2020/03/22,43500
3362,2020/03/28,43500
3363,2020/03/29,43500
3364,2020/04/04,43500
3365,2020/04/05,43500
3366,2020/04/11,43500
3367,2020/04/12,43500
3368,2020/04/18,43500
3369,2020/04/19,43500
3370,2020/04/25,43500
3371,2020/04/26,43500
3372,2020/05/02,43500
3373,2020/05/03,43500
3374,2020/05/09,43500
3375,2020/05/10,43500
3376,2020/05/16,43500
3377,2020/05/17,43500
3378,2020/05/23,43500
3379,2020/05/24,43500
3380,2020/05/30,43500
3381,2020/05/31,43500
3382,2020/06/06,43500
3383,2020/06/07,43500
3384,2020/06/13,43500
3385,2020/06/14,43500
3386,2020/06/20,43500
3387,2020/06/21,43500
3388,2020/06/27,43500
3389,2020/06/28,43500
3390,2020/07/04,43500
3391,2020/07/05,43500
3392,2020/07/11,43500
3393,2020/07/12,43500
3394,2020/07/18,43500
3395,2020/07/19,43500
3396,2020/07/25,43500
3397,2020/07/26,43500
3398,2020/08/01,43500
3399,2020/08/02,43500
3400,2020/08/08,43500
3401,2020/08/09,43500
3402,2020/08/15,43500
3403,2020/08/16,43500
3404,2020/08/22,43500
3405,2020/08/23,43500
3406,2020/08/29,43500
3407,2020/08/30,43500
3408,2020/09/05,43500
3409,2020/09/06,43500
3410,2020/09/12,43500
3411,2020/09/13,43500
3412,2020/09/19,43500
3413,2020/09/20,43500
3414,2020/09/26,43500
3415,2020/09/27,43500
3416,2020/10/03,43500
3417,2020/10/04,43500
3418,2020/10/10,43500
3419,2020/10/11,43500
3420,2020/10/17,43500
3421,2020/10/18,43500
3422,2020/10/24,43500
3423,2020/10/25,43500
3424,2020/10/31,43500
3425,2020/11/01,43500
3426,2020/11/07,43500
3427,2020/11/08,43500
3428,2020/11/14,43500
3429,2020/11/15,43500
3430,2020/11/21,43500
3431,2020/11/22,43500
3432,2020/11/28,43500
3433,2020/11/29,43500
3434,2020/12/05,43500
3435,2020/12/06,43500
3436,2020/12/12,43500
3437,2020/12/13,43500
3438,2020/12/19,43500
3439,2020/12/20,43500
3440,2020/12/26,43500
3441,2020/12/27,43500
3442,2021/01/02,43500
3443,2021/01/03,43500
3444,2021/01/09,43500
3445,2021/01/10,43500
3446,2021/01/16,43500
3447,2021/01/17,43500
3448,2021/01/23,43500
3449,2021/01/24,43500
3450,2021/01/30,43500
3451,2021/01/31,43500
3452,2021/02/06,43500
3453,2021/02/07,43500
3454,2021/02/13,43500
3455,2021/02/14,43500
3456,2021/02/20,43500
3457,2021/02/21,43500
3458,2021/02/27,43500
3459,2021/02/28,43500
3460,2021/03/06,43500
3461,2021/03/07,43500
3462,2021/03/13,43500
3463,2021/03/14,43500
3464,2021/03/20,43500
3465,2021/03/21,43500
3466,2021/03/27,43500
3467,2021/03/28,43500
3468,2021/04/03,43500
3469,2021/04/04,43500
3470,2021/04/10,43500
3471,2021/04/11,43500
3472,2021/04/17,43500
3473,2021/04/18,43500
3474,2021/04/24,43500
3475,2021/04/25,43500
3476,2021/05/01,43500
3477,2021/05/02,43500
3478,2021/05/08,43500
3479,2021/05/09,43500
3480,2021/05/15,43500
3481,2021/05/16,43500
3482,2021/05/22,43500
3483,2021/05/23,43500
3484,2021/05/29,43500
3485,2021/05/30,43500
3486,2021/06/05,43500
3487,2021/06/06,43500
3488,2021/06/12,43500
3489,2021/06/13,43500
3490,2021/06/19,43500
3491,2021/06/20,43500
3492,2021/06/26,43500
3493,2021/06/27,43500
3494,2021/07/03,43500
3495,2021/07/04,43500
3496,2021/07/10,43500
3497,2021/07/11,43500
3498,2021/07/17,43500
3499,2021/07/18,43500
3500,2021/07/24,43500
3501,2021/07/25,43500
3502,2021/07/31,43500
3503,2021/08/01,43500
3504,2021/08/07,43500
3505,2021/08/08,43500
3506,2021/08/14,43500
3507,2021/08/15,43500
3508,2021/08/21,43500
3509,2021/08/22,43500
3510,2021/08/28,43500
3511,2021/08/29,43500
3512,2021/09/04,43500
3513,2021/09/05,43500
3514,2021/09/11,43500
3515,2021/09/12,43500
3516,2021/09/18,43500
3517,2021/09/19,43500
3518,2021/09/25,43500
3519,2021/09/26,43500
3520,2021/10/02,43500
3521,2021/10/03,43500
3522,2021/10/09,43500
3523,2021/10/10,43500
3524,2021/10/16,43500
3525,2021/10/17,43500
3526,2021/10/23,43500
3527,2021/10/24,43500
3528,2021/10/30,43500
3529,2021/10/31,43500
3530,2021/11/06,43500
3531,2021/11/07,43500
3532,2021/11/13,43500
3533,2021/11/14,43500
3534,2021/11/20,43500
3535,2021/11/21,43500
3536,2021/11/27,43500
3537,2021/11/28,43500
3538,2021/12/04,43500
3539,2021/12/05,43500
3540,2021/12/11,43500
3541,2021/12/12,43500
3542,2021/12/18,43500
3543,2021/12/19,43500
3544,2021/12/25,43500
3545,2021/12/26,43500
3546,2022/01/01,43500
3547,2022/01/02,43500
3548,2022/01/08,43500
3549,2022/01/09,43500
3550,2022/01/15,43500
3551,2022/01/16,43500
3552,2022/01/22,43500
3553,2022/01/23,43500
3554,2022/01/29,43500
3555,2022/01/30,43500
3556,2022/02/05,43500
3557,2022/02/06,43500
3558,2022/02/12,43500
3559,2022/02/13,43500
3560,2022/02/19,43500
3561,2022/02/20,43500
3562,2022/02/26,43500
3563,2022/02/27,43500
3564,2022/03/05,43500
3565,2022/03/06,43500
3566,2022/03/12,43500
3567,2022/03/13,43500
3568,2022/03/19,43500
3569,2022/03/20,43500
3570,2022/03/26,43500
3571,2022/03/27,43500
3572,2022/04/02,43500
3573,2022/04/03,43500
3574,2022/04/09,43500
3575,2022/04/10,43500
3576,2022/04/16,43500
3577,2022/04/17,43500
3578,2022/04/23,43500
3579,2022/04/24,43500
3580,2022/04/30,43500
3581,2022/05/01,43500
3582,2022/05/07,43500
3583,2022/05/08,43500
3584,2022/05/14,43500
3585,2022/05/15,43500
3586,2022/05/21,43500
3587,2022/05/22,43500
3588,2022/05/28,43500
3589,2022/05/29,43500
3590,2022/06/04,43500
3591,2022/06/05,43500
3592,2022/06/11,43500
3593,2022/06/12,43500
3594,2022/06/18,43500
3595,2022/06/19,43500
3596,2022/06/25,43500
3597,2022/06/26,43500
3598,2022/07/02,43500
3599,2022/07/03,43500
3600,2022/07/09,43500
3601,2022/07/10,43500
3602,2022/07/16,43500
3603,2022/07/17,43500
3604,2022/07/23,43500
3605,2022/07/24,43500
3606,2022/07/30,43500
3607,2022/07/31,43500
3608,2022/08/06,43500
3609,2022/08/07,43500
3610,2022/08/13,43500
3611,2022/08/14,43500
3612,2022/08/20,43500
3613,2022/08/21,43500
3614,2022/08/27,43500
3615,2022/08/28,43500
3616,2022/09/03,43500
3617,2022/09/04,43500
3618,2022/09/10,43500
3619,2022/09/11,43500
3620,2022/09/17,43500
3621,2022/09/18,43500
3622,2022/09/24,43500
3623,2022/09/25,43500
3624,2022/10/01,43500
3625,2022/10/02,43500
3626,2022/10/08,43500
3627,2022/10/09,43500
3628,2022/10/15,43500
3629,2022/10/16,43500
3630,2022/10/22,43500
3631,2022/10/23,43500
3632,2022/10/29,43500
3633,2022/10/30,43500
3634,2022/11/05,43500
3635,2022/11/06,43500
3636,2022/11/12,43500
3637,2022/11/13,43500
3638,2022/11/19,43500
3639,2022/11/20,43500
3640,2022/11/26,43500
3641,2022/11/27,43500
3642,2022/12/03,43500
3643,2022/12/04,43500
3644,2022/12/10,43500
3645,2022/12/11,43500
3646,2022/12/17,43500
3647,2022/12/18,43500
3648,2022/12/24,43500
3649,2022/12/25,43500
3650,2022/12/31,43500
3651,2023/01/01,43500