,Date,Close
,2013-01-02,501.609985
,2013-01-03,499.070007
,2013-01-04,504.839996
,2013-01-07,508.720001
,2013-01-08,509.01001
,2013-01-09,511.940002
,2013-01-10,514.47998
,2013-01-11,515.419983
,2013-01-14,513.440002
,2013-01-15,508.019989
,2013-01-16,507.679993
,2013-01-17,506.350006
,2013-01-18,512.23999
,2013-01-21,514.659973
,2013-01-22,516.590027
,2013-01-23,513.26001
,2013-01-24,508.630005
,2013-01-25,506.829987
,2013-01-28,504.200012
,2013-01-29,505.350006
,2013-01-30,502.799988
,2013-01-31,503.670013
,2013-02-01,503.309998
,2013-02-04,501.320007
,2013-02-05,498.160004
,2013-02-06,502.559998
,2013-02-07,501.779999
,2013-02-08,504.940002
,2013-02-12,503.720001
,2013-02-13,507.98999
,2013-02-14,512.530029
,2013-02-15,514.580017
,2013-02-18,518.52002
,2013-02-19,522.48999
,2013-02-20,525.690002
,2013-02-21,524.440002
,2013-02-22,528.359985
,2013-02-25,527.27002
,2013-02-26,528.559998
,2013-02-27,533.359985
,2013-02-28,535.869995
,2013-03-04,537.380005
,2013-03-05,543.960022
,2013-03-06,544.359985
,2013-03-07,541.299988
,2013-03-08,543.099976
,2013-03-11,540.440002
,2013-03-12,543.880005
,2013-03-13,549.72998
,2013-03-14,553.580017
,2013-03-15,554.809998
,2013-03-18,541.090027
,2013-03-19,550.01001
,2013-03-20,546.26001
,2013-03-21,544.559998
,2013-03-22,551.25
,2013-03-25,549.559998
,2013-03-26,549.900024
,2013-03-27,548.719971
,2013-03-28,552.640015
,2013-03-29,555.02002
,2013-04-01,553.969971
,2013-04-02,552.830017
,2013-04-03,557.960022
,2013-04-04,555.22998
,2013-04-05,547.51001
,2013-04-08,528.780029
,2013-04-09,528.150024
,2013-04-10,534.840027
,2013-04-11,544.299988
,2013-04-12,547.190002
,2013-04-15,553.98999
,2013-04-16,558.950012
,2013-04-17,558.539978
,2013-04-18,551.099976
,2013-04-19,541.460022
,2013-04-22,547.099976
,2013-04-23,554.369995
,2013-04-24,563.809998
,2013-04-25,559.400024
,2013-04-26,565.349976
,2013-04-29,568.359985
,2013-04-30,563.869995
,2013-05-02,560.47998
,2013-05-03,565.330017
,2013-05-06,567.130005
,2013-05-07,573.679993
,2013-05-08,576.700012
,2013-05-09,573.349976
,2013-05-10,569.700012
,2013-05-13,565.719971
,2013-05-14,560.469971
,2013-05-15,565.650024
,2013-05-16,566.059998
,2013-05-20,567.320007
,2013-05-21,572.690002
,2013-05-22,574.25
,2013-05-23,569.340027
,2013-05-24,574.059998
,2013-05-27,577.559998
,2013-05-28,585.76001
,2013-05-29,585.690002
,2013-05-30,581.130005
,2013-05-31,577.869995
,2013-06-03,569.409973
,2013-06-04,561.549988
,2013-06-05,549.090027
,2013-06-07,535.75
,2013-06-10,547.0
,2013-06-11,547.869995
,2013-06-12,546.200012
,2013-06-13,540.820007
,2013-06-14,536.039978
,2013-06-17,524.5
,2013-06-18,534.26001
,2013-06-19,531.409973
,2013-06-20,525.590027
,2013-06-21,520.890015
,2013-06-24,508.649994
,2013-06-25,480.959991
,2013-06-26,493.070007
,2013-06-27,512.25
,2013-06-28,519.059998
,2013-07-01,527.809998
,2013-07-02,526.919983
,2013-07-03,521.309998
,2013-07-04,525.219971
,2013-07-05,525.400024
,2013-07-08,515.849976
,2013-07-09,519.340027
,2013-07-10,515.640015
,2013-07-11,527.25
,2013-07-12,532.469971
,2013-07-15,531.669983
,2013-07-16,537.719971
,2013-07-17,541.820007
,2013-07-18,541.559998
,2013-07-19,541.869995
,2013-07-22,541.140015
,2013-07-23,541.640015
,2013-07-24,543.599976
,2013-07-25,541.940002
,2013-07-26,545.309998
,2013-07-29,540.97998
,2013-07-30,546.429993
,2013-07-31,554.309998
,2013-08-01,549.52002
,2013-08-02,551.76001
,2013-08-05,556.599976
,2013-08-06,557.359985
,2013-08-07,554.72998
,2013-08-08,555.299988
,2013-08-09,554.929993
,2013-08-12,550.25
,2013-08-13,550.849976
,2013-08-14,550.869995
,2013-08-16,548.789978
,2013-08-19,550.48999
,2013-08-20,537.570007
,2013-08-21,530.539978
,2013-08-22,517.640015
,2013-08-23,529.190002
,2013-08-26,533.72998
,2013-08-27,524.390015
,2013-08-28,517.440002
,2013-08-29,520.369995
,2013-08-30,516.73999
,2013-09-02,525.179993
,2013-09-03,525.890015
,2013-09-04,526.159973
,2013-09-05,528.059998
,2013-09-06,523.77002
,2013-09-09,521.109985
,2013-09-10,523.150024
,2013-09-11,529.340027
,2013-09-12,529.580017
,2013-09-13,530.890015
,2013-09-16,526.200012
,2013-09-17,527.109985
,2013-09-23,527.070007
,2013-09-24,527.289978
,2013-09-25,527.27002
,2013-09-26,532.830017
,2013-09-27,537.5
,2013-09-30,534.890015
,2013-10-01,530.349976
,2013-10-02,532.02002
,2013-10-04,532.01001
,2013-10-07,528.440002
,2013-10-08,528.830017
,2013-10-10,529.039978
,2013-10-11,532.599976
,2013-10-14,531.659973
,2013-10-15,533.119995
,2013-10-16,525.679993
,2013-10-17,521.52002
,2013-10-18,525.690002
,2013-10-21,529.340027
,2013-10-22,531.890015
,2013-10-23,525.380005
,2013-10-24,531.030029
,2013-10-25,534.02002
,2013-10-28,534.97998
,2013-10-29,533.909973
,2013-10-30,537.679993
,2013-10-31,532.440002
,2013-11-01,534.73999
,2013-11-04,533.640015
,2013-11-05,528.72998
,2013-11-06,525.98999
,2013-11-07,520.650024
,2013-11-08,515.73999
,2013-11-11,502.940002
,2013-11-12,510.730011
,2013-11-13,505.600006
,2013-11-14,511.75
,2013-11-15,512.73999
,2013-11-18,509.540009
,2013-11-19,505.5
,2013-11-20,504.160004
,2013-11-21,501.049988
,2013-11-22,504.059998
,2013-11-25,507.76001
,2013-11-26,510.540009
,2013-11-27,511.649994
,2013-11-28,515.52002
,2013-11-29,517.059998
,2013-12-02,512.690002
,2013-12-03,508.160004
,2013-12-04,506.279999
,2013-12-05,506.320007
,2013-12-06,506.320007
,2013-12-09,502.230011
,2013-12-10,497.720001
,2013-12-11,494.779999
,2013-12-12,495.640015
,2013-12-13,494.359985
,2013-12-16,488.190002
,2013-12-17,486.149994
,2013-12-18,485.649994
,2013-12-19,484.170013
,2013-12-20,488.410004
,2013-12-23,489.630005
,2013-12-24,491.079987
,2013-12-26,488.869995
,2013-12-27,496.769989
,2013-12-30,499.98999
,2014-01-02,496.279999
,2014-01-03,499.329987
,2014-01-06,500.619995
,2014-01-07,504.859985
,2014-01-08,509.779999
,2014-01-09,511.600006
,2014-01-10,510.190002
,2014-01-13,512.919983
,2014-01-14,512.27002
,2014-01-15,515.969971
,2014-01-16,517.830017
,2014-01-17,518.099976
,2014-01-20,519.98999
,2014-01-21,520.98999
,2014-01-22,523.070007
,2014-01-23,522.719971
,2014-01-24,520.309998
,2014-01-27,507.51001
,2014-01-28,509.290009
,2014-01-29,515.200012
,2014-02-03,513.619995
,2014-02-04,507.559998
,2014-02-05,505.619995
,2014-02-06,509.869995
,2014-02-07,514.450012
,2014-02-10,518.469971
,2014-02-11,518.900024
,2014-02-12,520.640015
,2014-02-13,521.820007
,2014-02-14,522.580017
,2014-02-17,522.0
,2014-02-18,525.419983
,2014-02-19,529.869995
,2014-02-20,525.690002
,2014-02-21,528.51001
,2014-02-24,526.340027
,2014-02-25,528.609985
,2014-02-26,529.22998
,2014-02-27,528.369995
,2014-02-28,528.960022
,2014-03-03,529.859985
,2014-03-04,531.539978
,2014-03-05,536.77002
,2014-03-06,540.330017
,2014-03-07,543.76001
,2014-03-10,542.190002
,2014-03-11,547.679993
,2014-03-12,539.299988
,2014-03-13,547.51001
,2014-03-14,544.27002
,2014-03-17,535.820007
,2014-03-18,541.150024
,2014-03-19,542.25
,2014-03-20,541.789978
,2014-03-21,546.809998
,2014-03-24,545.599976
,2014-03-25,539.049988
,2014-03-26,544.130005
,2014-03-27,541.460022
,2014-03-28,544.099976
,2014-03-31,541.580017
,2014-04-01,549.080017
,2014-04-02,557.650024
,2014-04-03,557.01001
,2014-04-04,560.440002
,2014-04-07,554.22998
,2014-04-08,554.070007
,2014-04-09,552.219971
,2014-04-10,555.099976
,2014-04-11,555.869995
,2014-04-14,562.039978
,2014-04-15,562.109985
,2014-04-16,565.960022
,2014-04-17,565.75
,2014-04-18,571.22998
,2014-04-21,569.280029
,2014-04-22,570.97998
,2014-04-23,565.469971
,2014-04-24,561.119995
,2014-04-25,556.47998
,2014-04-28,556.960022
,2014-04-29,556.969971
,2014-04-30,559.340027
,2014-05-02,558.659973
,2014-05-07,550.349976
,2014-05-08,546.890015
,2014-05-09,550.190002
,2014-05-12,551.400024
,2014-05-13,557.159973
,2014-05-14,560.299988
,2014-05-15,561.75
,2014-05-16,557.590027
,2014-05-19,546.809998
,2014-05-20,542.960022
,2014-05-21,545.590027
,2014-05-22,546.75
,2014-05-23,549.700012
,2014-05-26,548.830017
,2014-05-27,547.969971
,2014-05-28,549.960022
,2014-05-29,549.609985
,2014-05-30,546.530029
,2014-06-02,535.150024
,2014-06-03,531.280029
,2014-06-05,523.119995
,2014-06-09,524.030029
,2014-06-10,532.640015
,2014-06-11,533.299988
,2014-06-12,536.140015
,2014-06-13,536.340027
,2014-06-16,536.02002
,2014-06-17,537.900024
,2014-06-18,537.049988
,2014-06-19,536.789978
,2014-06-20,536.690002
,2014-06-23,529.960022
,2014-06-24,529.48999
,2014-06-25,527.26001
,2014-06-26,530.039978
,2014-06-27,531.429993
,2014-06-30,537.059998
,2014-07-01,544.900024
,2014-07-02,549.030029
,2014-07-03,550.679993
,2014-07-04,552.900024
,2014-07-07,553.150024
,2014-07-08,554.900024
,2014-07-09,555.840027
,2014-07-10,559.320007
,2014-07-11,556.580017
,2014-07-14,561.5
,2014-07-15,559.150024
,2014-07-16,555.27002
,2014-07-17,558.940002
,2014-07-18,560.26001
,2014-07-21,561.75
,2014-07-22,564.929993
,2014-07-23,563.140015
,2014-07-24,559.669983
,2014-07-25,562.780029
,2014-07-28,552.97998
,2014-07-29,541.820007
,2014-07-30,541.809998
,2014-07-31,536.320007
,2014-08-01,541.090027
,2014-08-04,549.609985
,2014-08-05,547.75
,2014-08-06,548.429993
,2014-08-07,547.109985
,2014-08-08,544.23999
,2014-08-11,546.299988
,2014-08-12,545.76001
,2014-08-13,551.72998
,2014-08-14,558.179993
,2014-08-18,561.099976
,2014-08-19,562.659973
,2014-08-20,561.960022
,2014-08-21,562.52002
,2014-08-22,566.349976
,2014-08-25,564.400024
,2014-08-26,568.23999
,2014-08-27,567.22998
,2014-08-28,570.23999
,2014-08-29,570.200012
,2014-09-01,566.950012
,2014-09-02,568.73999
,2014-09-03,571.400024
,2014-09-04,568.900024
,2014-09-05,572.369995
,2014-09-11,573.700012
,2014-09-12,570.650024
,2014-09-15,565.77002
,2014-09-16,572.359985
,2014-09-17,574.97998
,2014-09-18,576.969971
,2014-09-19,581.380005
,2014-09-22,577.349976
,2014-09-23,575.559998
,2014-09-24,580.419983
,2014-09-25,577.47998
,2014-09-26,577.659973
,2014-09-29,569.27002
,2014-09-30,573.219971
,2014-10-01,566.98999
,2014-10-02,569.840027
,2014-10-06,566.27002
,2014-10-07,562.820007
,2014-10-08,566.73999
,2014-10-10,555.950012
,2014-10-13,534.309998
,2014-10-14,544.049988
,2014-10-15,545.51001
,2014-10-16,545.48999
,2014-10-17,547.700012
,2014-10-20,556.01001
,2014-10-21,557.539978
,2014-10-22,564.52002
,2014-10-23,564.309998
,2014-10-24,560.659973
,2014-10-27,559.919983
,2014-10-28,562.289978
,2014-10-29,561.030029
,2014-10-30,557.859985
,2014-10-31,558.700012
,2014-11-03,552.469971
,2014-11-04,542.159973
,2014-11-05,540.27002
,2014-11-06,531.809998
,2014-11-07,539.900024
,2014-11-10,539.219971
,2014-11-11,545.130005
,2014-11-12,546.460022
,2014-11-13,547.700012
,2014-11-14,541.929993
,2014-11-17,531.179993
,2014-11-18,536.200012
,2014-11-19,540.840027
,2014-11-20,539.929993
,2014-11-21,543.97998
,2014-11-24,541.929993
,2014-11-25,546.340027
,2014-11-26,547.340027
,2014-11-27,545.969971
,2014-11-28,545.080017
,2014-12-01,539.450012
,2014-12-02,541.530029
,2014-12-03,545.02002
,2014-12-04,548.159973
,2014-12-05,550.849976
,2014-12-08,551.400024
,2014-12-09,546.570007
,2014-12-10,541.960022
,2014-12-11,537.210022
,2014-12-12,533.669983
,2014-12-15,538.090027
,2014-12-16,534.150024
,2014-12-17,533.059998
,2014-12-18,527.52002
,2014-12-19,535.51001
,2014-12-22,536.780029
,2014-12-23,534.650024
,2014-12-24,536.890015
,2014-12-26,535.169983
,2014-12-29,539.219971
,2014-12-30,542.969971
,2015-01-02,553.72998
,2015-01-05,561.25
,2015-01-06,558.900024
,2015-01-07,561.320007
,2015-01-08,566.429993
,2015-01-09,572.98999
,2015-01-12,574.76001
,2015-01-13,571.0
,2015-01-14,574.169983
,2015-01-15,581.390015
,2015-01-16,577.409973
,2015-01-19,577.940002
,2015-01-20,582.27002
,2015-01-21,584.340027
,2015-01-22,578.419983
,2015-01-23,589.309998
,2015-01-26,590.340027
,2015-01-27,587.840027
,2015-01-28,594.390015
,2015-01-29,593.119995
,2015-01-30,591.580017
,2015-02-02,590.27002
,2015-02-03,593.309998
,2015-02-04,598.22998
,2015-02-05,600.809998
,2015-02-06,604.130005
,2015-02-09,593.75
,2015-02-10,592.950012
,2015-02-11,601.409973
,2015-02-12,602.23999
,2015-02-13,608.070007
,2015-02-16,610.159973
,2015-02-17,609.099976
,2015-02-23,615.52002
,2015-02-24,621.309998
,2015-02-25,616.570007
,2015-02-26,617.080017
,2015-02-27,624.559998
,2015-03-02,621.809998
,2015-03-03,625.640015
,2015-03-04,630.349976
,2015-03-05,631.429993
,2015-03-06,635.840027
,2015-03-09,629.26001
,2015-03-10,621.98999
,2015-03-11,619.609985
,2015-03-12,628.150024
,2015-03-13,634.25
,2015-03-16,635.400024
,2015-03-17,636.049988
,2015-03-18,628.98999
,2015-03-19,631.809998
,2015-03-20,640.080017
,2015-03-23,640.289978
,2015-03-24,641.869995
,2015-03-25,651.049988
,2015-03-26,642.530029
,2015-03-27,640.119995
,2015-03-30,646.73999
,2015-03-31,650.48999
,2015-04-01,650.22998
,2015-04-02,650.570007
,2015-04-03,658.039978
,2015-04-06,662.150024
,2015-04-07,666.830017
,2015-04-08,668.030029
,2015-04-09,676.960022
,2015-04-10,682.02002
,2015-04-13,689.390015
,2015-04-14,684.969971
,2015-04-15,694.440002
,2015-04-16,698.309998
,2015-04-17,706.900024
,2015-04-20,706.960022
,2015-04-21,714.52002
,2015-04-22,703.340027
,2015-04-23,692.47998
,2015-04-24,690.73999
,2015-04-27,699.390015
,2015-04-28,696.789978
,2015-04-29,695.690002
,2015-04-30,689.01001
,2015-05-04,677.900024
,2015-05-06,665.940002
,2015-05-07,673.080017
,2015-05-08,681.690002
,2015-05-11,692.289978
,2015-05-12,686.73999
,2015-05-13,692.22998
,2015-05-14,699.27002
,2015-05-15,705.400024
,2015-05-18,703.25
,2015-05-19,706.789978
,2015-05-20,713.950012
,2015-05-21,715.640015
,2015-05-22,713.539978
,2015-05-26,708.659973
,2015-05-27,699.190002
,2015-05-28,709.01001
,2015-05-29,711.390015
,2015-06-01,715.72998
,2015-06-02,704.77002
,2015-06-03,696.969971
,2015-06-04,704.559998
,2015-06-05,707.27002
,2015-06-08,716.429993
,2015-06-09,722.51001
,2015-06-10,718.22998
,2015-06-11,717.0
,2015-06-12,712.400024
,2015-06-15,705.849976
,2015-06-16,706.280029
,2015-06-17,718.609985
,2015-06-18,725.200012
,2015-06-19,729.919983
,2015-06-22,734.609985
,2015-06-23,739.820007
,2015-06-24,746.619995
,2015-06-25,753.659973
,2015-06-26,750.5
,2015-06-29,733.039978
,2015-06-30,742.27002
,2015-07-01,760.669983
,2015-07-02,768.669983
,2015-07-03,769.26001
,2015-07-06,752.01001
,2015-07-07,729.640015
,2015-07-08,726.219971
,2015-07-09,726.01001
,2015-07-10,730.719971
,2015-07-13,749.460022
,2015-07-14,757.119995
,2015-07-15,761.590027
,2015-07-16,774.400024
,2015-07-17,773.22998
,2015-07-20,782.640015
,2015-07-21,781.98999
,2015-07-22,776.570007
,2015-07-23,776.98999
,2015-07-24,776.26001
,2015-07-27,751.039978
,2015-07-28,745.23999
,2015-07-29,730.469971
,2015-07-30,712.859985
,2015-07-31,725.059998
,2015-08-03,714.340027
,2015-08-04,730.030029
,2015-08-05,741.26001
,2015-08-06,747.73999
,2015-08-07,751.48999
,2015-08-10,746.340027
,2015-08-11,732.26001
,2015-08-12,717.200012
,2015-08-13,731.359985
,2015-08-14,
,2015-08-17,722.01001
,2015-08-18,699.799988
,2015-08-19,670.549988
,2015-08-20,656.710022
,2015-08-21,627.049988
,2015-08-24,613.330017
,2015-08-25,645.429993
,2015-08-26,667.440002
,2015-08-27,673.710022
,2015-08-28,687.960022
,2015-08-31,687.109985
,2015-09-01,672.940002
,2015-09-02,678.02002
,2015-09-03,678.25
,2015-09-04,650.450012
,2015-09-07,648.799988
,2015-09-08,638.219971
,2015-09-09,660.669983
,2015-09-10,668.289978
,2015-09-11,669.869995
,2015-09-14,662.880005
,2015-09-15,666.75
,2015-09-16,676.47998
,2015-09-17,671.049988
,2015-09-18,690.179993
,2015-09-21,688.900024
,2015-09-22,693.669983
,2015-09-23,680.280029
,2015-09-24,683.880005
,2015-09-25,682.700012
,2015-09-30,678.47998
,2015-10-01,684.789978
,2015-10-02,686.419983
,2015-10-05,691.190002
,2015-10-06,689.059998
,2015-10-07,679.830017
,2015-10-08,674.969971
,2015-10-12,672.960022
,2015-10-13,672.820007
,2015-10-14,668.919983
,2015-10-15,676.049988
,2015-10-16,681.72998
,2015-10-19,684.289978
,2015-10-20,691.210022
,2015-10-21,686.5
,2015-10-22,676.299988
,2015-10-23,681.969971
,2015-10-26,690.72998
,2015-10-27,688.320007
,2015-10-28,693.530029
,2015-10-29,690.630005
,2015-10-30,683.630005
,2015-11-02,680.01001
,2015-11-03,682.130005
,2015-11-04,686.179993
,2015-11-05,694.429993
,2015-11-06,694.210022
,2015-11-09,671.840027
,2015-11-10,656.700012
,2015-11-11,667.210022
,2015-11-12,672.98999
,2015-11-13,670.52002
,2015-11-16,659.200012
,2015-11-17,672.169983
,2015-11-18,670.669983
,2015-11-19,680.570007
,2015-11-20,685.159973
,2015-11-23,688.289978
,2015-11-24,687.859985
,2015-11-25,688.780029
,2015-11-26,693.419983
,2015-11-27,694.210022
,2015-11-30,688.380005
,2015-12-01,691.950012
,2015-12-02,690.320007
,2015-12-03,690.77002
,2015-12-04,685.77002
,2015-12-07,683.340027
,2015-12-08,668.419983
,2015-12-09,664.080017
,2015-12-10,658.080017
,2015-12-11,653.47998
,2015-12-14,630.369995
,2015-12-15,639.780029
,2015-12-16,647.27002
,2015-12-17,658.109985
,2015-12-18,667.450012
,2015-12-21,668.650024
,2015-12-22,663.419983
,2015-12-23,659.599976
,2015-12-24,656.530029
,2015-12-28,652.049988
,2015-12-29,673.219971
,2015-12-30,682.349976
,2016-01-04,677.789978
,2016-01-05,684.070007
,2016-01-06,687.27002
,2016-01-07,679.659973
,2016-01-08,682.559998
,2016-01-11,674.960022
,2016-01-12,671.299988
,2016-01-13,686.030029
,2016-01-14,683.190002
,2016-01-15,678.429993
,2016-01-18,683.630005
,2016-01-19,681.25
,2016-01-20,669.679993
,2016-01-21,665.840027
,2016-01-22,670.950012
,2016-01-25,681.429993
,2016-01-26,678.849976
,2016-01-27,675.25
,2016-01-28,681.289978
,2016-01-29,682.799988
,2016-02-01,685.549988
,2016-02-02,684.859985
,2016-02-03,680.940002
,2016-02-04,683.619995
,2016-02-05,681.309998
,2016-02-11,647.690002
,2016-02-12,608.450012
,2016-02-15,621.369995
,2016-02-16,634.950012
,2016-02-17,623.48999
,2016-02-18,638.429993
,2016-02-19,644.559998
,2016-02-22,650.140015
,2016-02-23,642.309998
,2016-02-24,643.97998
,2016-02-25,646.27002
,2016-02-26,649.299988
,2016-02-29,651.619995
,2016-03-02,662.25
,2016-03-03,669.01001
,2016-03-04,673.840027
,2016-03-07,672.210022
,2016-03-08,674.320007
,2016-03-09,679.640015
,2016-03-10,687.599976
,2016-03-11,689.169983
,2016-03-14,691.049988
,2016-03-15,693.340027
,2016-03-16,693.440002
,2016-03-17,691.48999
,2016-03-18,695.02002
,2016-03-21,692.419983
,2016-03-22,691.51001
,2016-03-23,689.390015
,2016-03-24,686.26001
,2016-03-25,683.200012
,2016-03-28,676.51001
,2016-03-29,686.5
,2016-03-30,691.130005
,2016-03-31,688.380005
,2016-04-01,690.690002
,2016-04-04,696.97998
,2016-04-05,695.700012
,2016-04-06,694.030029
,2016-04-07,697.130005
,2016-04-08,697.099976
,2016-04-11,693.01001
,2016-04-12,693.450012
,2016-04-14,693.419983
,2016-04-15,695.619995
,2016-04-18,695.340027
,2016-04-19,701.679993
,2016-04-20,699.859985
,2016-04-21,701.619995
,2016-04-22,703.049988
,2016-04-25,703.700012
,2016-04-26,702.059998
,2016-04-27,699.52002
,2016-04-28,699.700012
,2016-04-29,699.77002
,2016-05-02,690.27002
,2016-05-03,698.659973
,2016-05-04,694.169983
,2016-05-09,691.820007
,2016-05-10,700.22998
,2016-05-11,703.940002
,2016-05-12,705.039978
,2016-05-13,704.369995
,2016-05-16,701.460022
,2016-05-17,695.950012
,2016-05-18,683.869995
,2016-05-19,679.390015
,2016-05-20,684.919983
,2016-05-23,691.0
,2016-05-24,687.710022
,2016-05-25,689.330017
,2016-05-26,687.940002
,2016-05-27,691.539978
,2016-05-30,692.059998
,2016-05-31,698.450012
,2016-06-01,700.030029
,2016-06-02,701.150024
,2016-06-03,701.429993
,2016-06-07,704.77002
,2016-06-08,703.98999
,2016-06-09,705.080017
,2016-06-10,706.809998
,2016-06-13,695.609985
,2016-06-14,692.940002
,2016-06-15,694.659973
,2016-06-16,680.25
,2016-06-17,678.859985
,2016-06-20,688.950012
,2016-06-21,688.549988
,2016-06-22,688.179993
,2016-06-23,679.52002
,2016-06-24,647.159973
,2016-06-27,648.119995
,2016-06-28,659.299988
,2016-06-29,669.880005
,2016-06-30,675.090027
,2016-07-01,684.26001
,2016-07-04,688.150024
,2016-07-05,692.72998
,2016-07-06,685.51001
,2016-07-07,695.950012
,2016-07-08,692.599976
,2016-07-11,697.25
,2016-07-12,699.400024
,2016-07-13,702.650024
,2016-07-14,703.340027
,2016-07-15,700.280029
,2016-07-18,700.900024
,2016-07-19,702.440002
,2016-07-20,705.030029
,2016-07-21,708.119995
,2016-07-22,707.539978
,2016-07-25,704.960022
,2016-07-26,705.400024
,2016-07-27,701.090027
,2016-07-28,703.780029
,2016-07-29,706.23999
,2016-08-01,703.719971
,2016-08-02,700.900024
,2016-08-03,698.320007
,2016-08-04,701.669983
,2016-08-05,696.090027
,2016-08-08,696.429993
,2016-08-09,700.72998
,2016-08-10,707.460022
,2016-08-11,703.330017
,2016-08-12,705.179993
,2016-08-16,698.869995
,2016-08-17,693.669983
,2016-08-18,696.929993
,2016-08-19,696.200012
,2016-08-22,688.150024
,2016-08-23,687.380005
,2016-08-24,687.780029
,2016-08-25,683.960022
,2016-08-26,680.429993
,2016-08-29,663.580017
,2016-08-30,667.609985
,2016-08-31,663.690002
,2016-09-01,671.289978
,2016-09-02,676.909973
,2016-09-05,679.48999
,2016-09-06,679.26001
,2016-09-07,672.48999
,2016-09-08,667.400024
,2016-09-09,664.98999
,2016-09-12,652.909973
,2016-09-13,660.150024
,2016-09-19,666.640015
,2016-09-20,674.51001
,2016-09-21,678.280029
,2016-09-22,685.23999
,2016-09-23,688.590027
,2016-09-26,686.76001
,2016-09-27,687.98999
,2016-09-28,686.76001
,2016-09-29,689.830017
,2016-09-30,681.210022
,2016-10-04,685.880005
,2016-10-05,685.440002
,2016-10-06,684.330017
,2016-10-07,675.900024
,2016-10-10,674.73999
,2016-10-11,670.640015
,2016-10-12,669.950012
,2016-10-13,663.090027
,2016-10-14,664.919983
,2016-10-17,659.830017
,2016-10-18,660.289978
,2016-10-19,661.26001
,2016-10-20,655.679993
,2016-10-21,651.77002
,2016-10-24,647.880005
,2016-10-25,640.169983
,2016-10-26,635.51001
,2016-10-27,648.570007
,2016-10-28,640.169983
,2016-10-31,624.679993
,2016-11-01,626.380005
,2016-11-02,606.059998
,2016-11-03,609.98999
,2016-11-04,610.820007
,2016-11-07,622.169983
,2016-11-08,624.190002
,2016-11-09,599.73999
,2016-11-10,623.22998
,2016-11-11,621.890015
,2016-11-14,621.22998
,2016-11-15,617.429993
,2016-11-16,627.830017
,2016-11-17,627.76001
,2016-11-18,620.26001
,2016-11-21,609.330017
,2016-11-22,610.73999
,2016-11-23,600.289978
,2016-11-24,592.650024
,2016-11-25,597.820007
,2016-11-28,593.049988
,2016-11-29,596.070007
,2016-11-30,596.109985
,2016-12-01,593.849976
,2016-12-02,586.72998
,2016-12-05,575.119995
,2016-12-06,581.349976
,2016-12-07,578.52002
,2016-12-08,584.619995
,2016-12-09,594.349976
,2016-12-12,603.080017
,2016-12-13,611.090027
,2016-12-14,612.469971
,2016-12-15,620.609985
,2016-12-16,622.080017
,2016-12-19,622.77002
,2016-12-20,617.98999
,2016-12-21,618.630005
,2016-12-22,615.929993
,2016-12-23,619.75
,2016-12-26,615.159973
,2016-12-27,618.380005
,2016-12-28,627.27002
,2016-12-29,631.440002
,2017-01-02,632.039978
,2017-01-03,636.570007
,2017-01-04,639.789978
,2017-01-05,642.47998
,2017-01-06,643.679993
,2017-01-09,642.150024
,2017-01-10,636.72998
,2017-01-11,637.900024
,2017-01-12,632.869995
,2017-01-13,634.679993
,2017-01-16,627.880005
,2017-01-17,624.0
,2017-01-18,626.890015
,2017-01-19,626.190002
,2017-01-20,622.119995
,2017-01-23,615.98999
,2017-01-24,612.929993
,2017-01-25,609.640015
,2017-01-26,616.809998
,2017-01-31,616.130005
,2017-02-01,623.679993
,2017-02-02,613.039978
,2017-02-03,609.210022
,2017-02-06,610.960022
,2017-02-07,608.719971
,2017-02-08,608.789978
,2017-02-09,611.039978
,2017-02-10,610.580017
,2017-02-13,611.940002
,2017-02-14,611.539978
,2017-02-15,615.950012
,2017-02-16,616.580017
,2017-02-17,618.700012
,2017-02-20,619.969971
,2017-02-21,622.469971
,2017-02-22,621.390015
,2017-02-23,617.669983
,2017-02-24,614.75
,2017-02-27,612.119995
,2017-02-28,612.200012
,2017-03-02,608.929993
,2017-03-03,600.72998
,2017-03-06,604.049988
,2017-03-07,606.049988
,2017-03-08,605.75
,2017-03-09,606.130005
,2017-03-10,612.26001
,2017-03-13,615.590027
,2017-03-14,614.119995
,2017-03-15,608.679993
,2017-03-16,613.880005
,2017-03-17,613.26001
,2017-03-20,609.109985
,2017-03-21,609.72998
,2017-03-22,607.570007
,2017-03-23,605.530029
,2017-03-24,608.179993
,2017-03-27,607.070007
,2017-03-28,612.280029
,2017-03-29,613.630005
,2017-03-30,614.679993
,2017-03-31,619.280029
,2017-04-03,628.52002
,2017-04-04,625.48999
,2017-04-05,630.169983
,2017-04-06,630.460022
,2017-04-07,633.320007
,2017-04-10,619.409973
,2017-04-11,621.640015
,2017-04-12,621.450012
,2017-04-13,623.869995
,2017-04-14,618.23999
,2017-04-17,629.469971
,2017-04-18,634.72998
,2017-04-19,635.98999
,2017-04-20,635.799988
,2017-04-21,634.960022
,2017-04-24,626.619995
,2017-04-25,632.570007
,2017-04-26,635.109985
,2017-04-27,631.109985
,2017-04-28,628.23999
,2017-05-02,626.429993
,2017-05-04,635.109985
,2017-05-08,643.390015
,2017-05-10,642.679993
,2017-05-11,647.580017
,2017-05-12,643.72998
,2017-05-15,645.380005
,2017-05-16,639.109985
,2017-05-17,640.01001
,2017-05-18,638.119995
,2017-05-19,642.450012
,2017-05-22,642.619995
,2017-05-23,644.72998
,2017-05-24,646.039978
,2017-05-25,643.02002
,2017-05-26,646.01001
,2017-05-29,642.97998
,2017-05-30,649.059998
,2017-05-31,652.039978
,2017-06-01,653.830017
,2017-06-02,658.780029
,2017-06-05,662.320007
,2017-06-07,666.460022
,2017-06-08,669.969971
,2017-06-09,674.150024
,2017-06-12,664.859985
,2017-06-13,669.22998
,2017-06-14,671.590027
,2017-06-15,669.820007
,2017-06-16,670.700012
,2017-06-19,675.440002
,2017-06-20,669.409973
,2017-06-21,665.77002
,2017-06-22,663.280029
,2017-06-23,668.929993
,2017-06-26,668.359985
,2017-06-27,672.630005
,2017-06-28,665.890015
,2017-06-29,668.0
,2017-06-30,669.039978
,2017-07-03,660.969971
,2017-07-04,656.190002
,2017-07-05,661.539978
,2017-07-06,663.789978
,2017-07-07,663.77002
,2017-07-10,657.859985
,2017-07-11,656.01001
,2017-07-12,651.099976
,2017-07-13,652.690002
,2017-07-14,654.109985
,2017-07-17,659.890015
,2017-07-18,664.02002
,2017-07-19,671.530029
,2017-07-20,676.51001
,2017-07-21,676.599976
,2017-07-24,677.320007
,2017-07-25,670.469971
,2017-07-26,667.219971
,2017-07-27,666.47998
,2017-07-28,652.950012
,2017-07-31,650.469971
,2017-08-01,653.119995
,2017-08-02,657.52002
,2017-08-03,643.090027
,2017-08-04,641.580017
,2017-08-07,648.390015
,2017-08-08,651.669983
,2017-08-09,642.869995
,2017-08-10,640.039978
,2017-08-11,628.340027
,2017-08-14,629.369995
,2017-08-16,634.909973
,2017-08-17,642.109985
,2017-08-18,643.580017
,2017-08-21,640.849976
,2017-08-22,644.26001
,2017-08-23,643.710022
,2017-08-24,647.710022
,2017-08-25,650.27002
,2017-08-28,652.919983
,2017-08-29,653.960022
,2017-08-30,655.0
,2017-08-31,657.830017
,2017-09-01,661.98999
,2017-09-04,650.890015
,2017-09-05,648.75
,2017-09-06,652.590027
,2017-09-07,658.47998
,2017-09-08,654.289978
,2017-09-11,656.530029
,2017-09-12,660.049988
,2017-09-13,659.090027
,2017-09-14,665.409973
,2017-09-15,671.299988
,2017-09-18,675.869995
,2017-09-19,674.47998
,2017-09-20,668.049988
,2017-09-21,661.109985
,2017-09-25,642.039978
,2017-09-26,642.400024
,2017-09-27,649.23999
,2017-09-28,648.090027
,2017-09-29,652.820007
,2017-10-10,654.590027
,2017-10-11,662.309998
,2017-10-12,666.539978
,2017-10-13,663.080017
,2017-10-16,659.409973
,2017-10-17,670.51001
,2017-10-18,668.419983
,2017-10-19,667.099976
,2017-10-20,672.950012
,2017-10-23,675.859985
,2017-10-24,687.210022
,2017-10-25,689.140015
,2017-10-26,680.609985
,2017-10-27,689.969971
,2017-10-30,689.679993
,2017-10-31,694.200012
,2017-11-01,695.77002
,2017-11-02,694.960022
,2017-11-03,701.130005
,2017-11-06,703.789978
,2017-11-07,701.140015
,2017-11-08,709.109985
,2017-11-09,709.940002
,2017-11-10,720.789978
,2017-11-13,741.380005
,2017-11-14,756.460022
,2017-11-15,768.030029
,2017-11-16,780.219971
,2017-11-17,775.849976
,2017-11-20,785.320007
,2017-11-21,789.380005
,2017-11-22,780.900024
,2017-11-23,796.799988
,2017-11-24,792.73999
,2017-11-27,792.799988
,2017-11-28,773.119995
,2017-11-29,781.719971
,2017-11-30,771.419983
,2017-12-01,787.700012
,2017-12-04,782.450012
,2017-12-05,774.119995
,2017-12-06,768.390015
,2017-12-07,753.460022
,2017-12-08,744.059998
,2017-12-11,764.090027
,2017-12-12,760.400024
,2017-12-13,772.219971
,2017-12-14,770.349976
,2017-12-15,771.820007
,2017-12-18,770.5
,2017-12-19,766.179993
,2017-12-21,740.320007
,2017-12-22,761.200012
,2017-12-26,762.210022
,2017-12-27,791.950012
,2017-12-28,798.419983
,2018-01-02,812.450012
,2018-01-03,822.309998
,2018-01-04,808.01001
,2018-01-05,828.030029
,2018-01-08,839.51001
,2018-01-09,829.98999
,2018-01-10,834.909973
,2018-01-11,852.51001
,2018-01-12,873.049988
,2018-01-15,891.609985
,2018-01-16,901.22998
,2018-01-17,886.580017
,2018-01-18,898.190002
,2018-01-19,879.98999
,2018-01-22,873.090027
,2018-01-23,894.429993
,2018-01-24,894.77002
,2018-01-25,898.599976
,2018-01-26,913.119995
,2018-01-29,927.049988
,2018-01-30,920.960022
,2018-01-31,913.570007
,2018-02-01,908.200012
,2018-02-02,899.469971
,2018-02-05,858.219971
,2018-02-06,858.169983
,2018-02-07,829.960022
,2018-02-08,861.940002
,2018-02-09,842.599976
,2018-02-12,843.23999
,2018-02-13,829.390015
,2018-02-14,848.030029
,2018-02-19,875.809998
,2018-02-20,864.409973
,2018-02-21,875.580017
,2018-02-22,870.219971
,2018-02-23,874.780029
,2018-02-26,874.429993
,2018-02-27,874.01001
,2018-02-28,857.059998
,2018-03-02,860.22998
,2018-03-05,845.0
,2018-03-06,859.210022
,2018-03-07,841.030029
,2018-03-08,853.940002
,2018-03-09,865.799988
,2018-03-12,884.27002
,2018-03-13,886.25
,2018-03-14,886.919983
,2018-03-15,890.429993
,2018-03-16,894.429993
,2018-03-19,880.969971
,2018-03-20,890.400024
,2018-03-21,885.549988
,2018-03-22,871.619995
,2018-03-23,829.679993
,2018-03-26,853.690002
,2018-03-27,858.840027
,2018-03-28,850.969971
,2018-03-29,865.98999
,2018-03-30,871.090027
,2018-04-02,867.799988
,2018-04-03,872.320007
,2018-04-04,862.51001
,2018-04-05,868.929993
,2018-04-06,867.960022
,2018-04-09,874.440002
,2018-04-10,877.299988
,2018-04-11,885.380005
,2018-04-12,881.450012
,2018-04-13,891.869995
,2018-04-16,896.890015
,2018-04-17,901.219971
,2018-04-18,893.320007
,2018-04-19,882.72998
,2018-04-20,889.169983
,2018-04-23,879.02002
,2018-04-24,873.609985
,2018-04-25,869.929993
,2018-04-26,879.390015
,2018-04-27,886.48999
,2018-04-30,875.950012
,2018-05-02,871.030029
,2018-05-03,866.070007
,2018-05-04,856.340027
,2018-05-08,827.219971
,2018-05-09,850.849976
,2018-05-10,854.929993
,2018-05-11,865.929993
,2018-05-14,858.700012
,2018-05-15,862.940002
,2018-05-16,850.289978
,2018-05-17,855.619995
,2018-05-18,869.450012
,2018-05-21,872.960022
,2018-05-23,869.159973
,2018-05-24,873.320007
,2018-05-25,868.349976
,2018-05-28,879.690002
,2018-05-29,870.080017
,2018-05-30,874.219971
,2018-05-31,879.659973
,2018-06-01,883.219971
,2018-06-04,877.440002
,2018-06-05,877.159973
,2018-06-07,887.909973
,2018-06-08,878.47998
,2018-06-11,876.549988
,2018-06-12,875.039978
,2018-06-14,864.559998
,2018-06-15,866.219971
,2018-06-18,840.22998
,2018-06-19,815.390015
,2018-06-20,840.169983
,2018-06-21,826.219971
,2018-06-22,830.27002
,2018-06-25,836.0
,2018-06-26,831.400024
,2018-06-27,826.690002
,2018-06-28,810.200012
,2018-06-29,818.219971
,2018-07-02,789.820007
,2018-07-03,795.710022
,2018-07-04,799.099976
,2018-07-05,794.049988
,2018-07-06,808.890015
,2018-07-09,808.280029
,2018-07-10,813.190002
,2018-07-11,804.780029
,2018-07-12,819.289978
,2018-07-13,827.890015
,2018-07-16,825.710022
,2018-07-17,819.719971
,2018-07-18,810.440002
,2018-07-19,796.48999
,2018-07-20,791.609985
,2018-07-23,756.960022
,2018-07-24,761.570007
,2018-07-25,748.890015
,2018-07-26,765.150024
,2018-07-27,773.97998
,2018-07-30,769.799988
,2018-07-31,775.52002
,2018-08-01,790.25
,2018-08-02,781.380005
,2018-08-03,788.809998
,2018-08-06,781.409973
,2018-08-07,784.700012
,2018-08-08,783.809998
,2018-08-09,789.47998
,2018-08-10,784.809998
,2018-08-13,755.650024
,2018-08-14,761.940002
,2018-08-16,761.179993
,2018-08-17,772.299988
,2018-08-20,769.780029
,2018-08-21,787.150024
,2018-08-22,785.950012
,2018-08-23,791.280029
,2018-08-24,798.22998
,2018-08-27,801.039978
,2018-08-28,798.169983
,2018-08-29,803.179993
,2018-08-30,804.469971
,2018-08-31,816.969971
,2018-09-03,816.840027
,2018-09-04,827.27002
,2018-09-05,820.0
,2018-09-06,815.179993
,2018-09-07,818.859985
,2018-09-10,816.159973
,2018-09-11,820.22998
,2018-09-12,826.330017
,2018-09-13,830.950012
,2018-09-14,834.909973
,2018-09-17,828.880005
,2018-09-18,831.849976
,2018-09-19,826.909973
,2018-09-20,821.130005
,2018-09-21,827.840027
,2018-09-27,833.01001
,2018-09-28,822.27002
,2018-10-01,816.530029
,2018-10-02,794.98999
,2018-10-04,789.0
,2018-10-05,773.700012
,2018-10-08,767.150024
,2018-10-10,747.5
,2018-10-11,707.380005
,2018-10-12,731.5
,2018-10-15,718.869995
,2018-10-16,731.5
,2018-10-17,739.150024
,2018-10-18,731.340027
,2018-10-19,740.47998
,2018-10-22,744.150024
,2018-10-23,719.0
,2018-10-24,699.299988
,2018-10-25,686.840027
,2018-10-26,663.070007
,2018-10-29,629.700012
,2018-10-30,644.140015
,2018-10-31,648.669983
,2018-11-01,657.460022
,2018-11-02,690.650024
,2018-11-05,691.940002
,2018-11-06,691.549988
,2018-11-07,682.369995
,2018-11-08,693.669983
,2018-11-09,687.289978
,2018-11-12,670.820007
,2018-11-13,670.849976
,2018-11-14,671.559998
,2018-11-15,681.380005
,2018-11-16,690.179993
,2018-11-19,702.130005
,2018-11-20,690.809998
,2018-11-21,695.719971
,2018-11-22,692.390015
,2018-11-23,683.059998
,2018-11-26,695.359985
,2018-11-27,700.669983
,2018-11-28,700.119995
,2018-11-29,695.47998
,2018-11-30,695.76001
,2018-12-03,709.460022
,2018-12-04,708.630005
,2018-12-05,701.119995
,2018-12-06,678.380005
,2018-12-07,685.330017
,2018-12-10,670.390015
,2018-12-11,661.01001
,2018-12-12,676.47998
,2018-12-13,681.780029
,2018-12-14,666.340027
,2018-12-17,661.900024
,2018-12-18,659.669983
,2018-12-19,672.080017
,2018-12-20,668.130005
,2018-12-21,673.640015
,2018-12-24,669.789978
,2018-12-26,665.73999
,2018-12-27,667.880005
,2018-12-28,675.650024
,2019-01-02,669.369995
,2019-01-03,657.02002
,2019-01-04,664.48999
,2019-01-07,672.840027
,2019-01-08,668.48999
,2019-01-09,679.73999
,2019-01-10,683.340027
,2019-01-11,686.330017
,2019-01-14,683.090027
,2019-01-15,690.390015
,2019-01-16,693.380005
,2019-01-17,686.349976
,2019-01-18,696.340027
,2019-01-21,695.619995
,2019-01-22,694.549988
,2019-01-23,695.630005
,2019-01-24,704.409973
,2019-01-25,711.380005
,2019-01-28,714.26001
,2019-01-29,710.98999
,2019-01-30,715.299988
,2019-01-31,716.859985
,2019-02-01,716.919983
,2019-02-07,728.789978
,2019-02-08,728.73999
,2019-02-11,733.469971
,2019-02-12,730.580017
,2019-02-13,739.909973
,2019-02-14,742.27002
,2019-02-15,738.659973
,2019-02-18,745.330017
,2019-02-19,748.049988
,2019-02-20,750.690002
,2019-02-21,747.330017
,2019-02-22,743.380005
,2019-02-25,750.400024
,2019-02-26,747.090027
,2019-02-27,752.159973
,2019-02-28,731.25
,2019-03-04,748.070007
,2019-03-05,747.950012
,2019-03-06,746.700012
,2019-03-07,736.830017
,2019-03-08,735.969971
,2019-03-11,739.090027
,2019-03-12,754.76001
,2019-03-13,754.890015
,2019-03-14,755.419983
,2019-03-15,748.359985
,2019-03-18,753.130005
,2019-03-19,748.909973
,2019-03-20,749.76001
,2019-03-21,743.52002
,2019-03-22,743.969971
,2019-03-25,727.210022
,2019-03-26,736.809998
,2019-03-27,728.450012
,2019-03-28,719.719971
,2019-03-29,729.309998
,2019-04-01,736.809998
,2019-04-02,739.570007
,2019-04-03,749.299988
,2019-04-04,751.580017
,2019-04-05,751.710022
,2019-04-08,751.919983
,2019-04-09,756.809998
,2019-04-10,760.150024
,2019-04-11,766.48999
,2019-04-12,767.849976
,2019-04-15,766.75
,2019-04-16,765.02002
,2019-04-17,766.890015
,2019-04-18,753.52002
,2019-04-19,762.570007
,2019-04-22,762.01001
,2019-04-23,761.419983
,2019-04-24,757.820007
,2019-04-25,750.429993
,2019-04-26,741.0
,2019-04-29,750.599976
,2019-04-30,754.73999
,2019-05-02,760.380005
,2019-05-03,761.820007
,2019-05-07,753.450012
,2019-05-08,745.369995
,2019-05-09,724.219971
,2019-05-10,722.619995
,2019-05-13,708.799988
,2019-05-14,710.159973
,2019-05-15,729.599976
,2019-05-16,717.590027
,2019-05-17,714.130005
,2019-05-20,702.080017
,2019-05-21,703.97998
,2019-05-22,706.929993
,2019-05-23,696.890015
,2019-05-24,690.030029
,2019-05-27,689.669983
,2019-05-28,702.76001
,2019-05-29,691.469971
,2019-05-30,689.330017
,2019-05-31,696.469971
,2019-06-03,697.5
,2019-06-04,702.530029
,2019-06-05,707.75
,2019-06-07,716.530029
,2019-06-10,721.140015
,2019-06-11,728.789978
,2019-06-12,724.320007
,2019-06-13,726.679993
,2019-06-14,722.25
,2019-06-17,719.130005
,2019-06-18,714.859985
,2019-06-19,717.710022
,2019-06-20,727.320007
,2019-06-21,722.640015
,2019-06-24,717.690002
,2019-06-25,710.02002
,2019-06-26,709.369995
,2019-06-27,698.210022
,2019-06-28,690.530029
,2019-07-01,696.0
,2019-07-02,696.25
,2019-07-03,693.039978
,2019-07-04,691.27002
,2019-07-05,694.169983
,2019-07-08,668.719971
,2019-07-09,657.799988
,2019-07-10,666.900024
,2019-07-11,677.090027
,2019-07-12,681.169983
,2019-07-15,674.789978
,2019-07-16,674.419983
,2019-07-17,666.280029
,2019-07-18,665.150024
,2019-07-19,674.059998
,2019-07-22,674.780029
,2019-07-23,668.650024
,2019-07-24,659.830017
,2019-07-25,652.400024
,2019-07-26,644.590027
,2019-07-29,618.780029
,2019-07-30,625.640015
,2019-07-31,630.179993
,2019-08-01,622.26001
,2019-08-02,615.700012
,2019-08-05,569.789978
,2019-08-06,551.5
,2019-08-07,564.640015
,2019-08-08,585.440002
,2019-08-09,590.039978
,2019-08-12,594.169983
,2019-08-13,590.75
,2019-08-14,597.150024
,2019-08-16,591.570007
,2019-08-19,594.650024
,2019-08-20,607.01001
,2019-08-21,615.960022
,2019-08-22,612.25
,2019-08-23,608.97998
,2019-08-26,582.909973
,2019-08-27,588.320007
,2019-08-28,602.900024
,2019-08-29,599.570007
,2019-08-30,610.549988
,2019-09-02,619.809998
,2019-09-03,620.02002
,2019-09-04,629.309998
,2019-09-05,632.98999
,2019-09-06,631.150024
,2019-09-09,625.77002
,2019-09-10,623.25
,2019-09-11,630.369995
,2019-09-16,638.590027
,2019-09-17,644.280029
,2019-09-18,645.119995
,2019-09-19,645.710022
,2019-09-20,649.070007
,2019-09-23,645.01001
,2019-09-24,641.849976
,2019-09-25,626.76001
,2019-09-26,628.419983
,2019-09-27,626.929993
,2019-09-30,621.76001
,2019-10-01,632.099976
,2019-10-02,624.51001
,2019-10-04,621.840027
,2019-10-07,627.210022
,2019-10-08,635.409973
,2019-10-10,634.72998
,2019-10-11,632.950012
,2019-10-14,641.460022
,2019-10-15,646.799988
,2019-10-16,651.960022
,2019-10-17,649.289978
,2019-10-18,646.690002
,2019-10-21,649.179993
,2019-10-22,655.909973
,2019-10-23,658.97998
,2019-10-24,658.75
,2019-10-25,652.369995
,2019-10-28,652.419983
,2019-10-29,658.299988
,2019-10-30,655.039978
,2019-10-31,658.52002
,2019-11-01,662.340027
,2019-11-04,668.450012
,2019-11-05,672.179993
,2019-11-06,669.679993
,2019-11-07,666.150024
,2019-11-08,664.599976
,2019-11-11,661.369995
,2019-11-12,665.140015
,2019-11-13,661.849976
,2019-11-14,663.309998
,2019-11-15,668.51001
,2019-11-18,669.340027
,2019-11-19,662.530029
,2019-11-20,649.869995
,2019-11-21,635.98999
,2019-11-22,633.919983
,2019-11-25,647.400024
,2019-11-26,651.590027
,2019-11-27,647.390015
,2019-11-28,640.179993
,2019-11-29,632.98999
,2019-12-02,634.5
,2019-12-03,629.580017
,2019-12-04,625.27002
,2019-12-05,617.599976
,2019-12-06,628.099976
,2019-12-09,627.859985
,2019-12-10,627.109985
,2019-12-11,629.130005
,2019-12-12,636.940002
,2019-12-13,643.450012
,2019-12-16,644.440002
,2019-12-17,650.580017
,2019-12-18,648.950012
,2019-12-19,647.849976
,2019-12-20,649.72998
,2019-12-23,647.619995
,2019-12-24,638.909973
,2019-12-26,652.070007
,2019-12-27,661.23999
,2019-12-30,669.830017
,2020-01-02,674.02002
,2020-01-03,669.929993
,2020-01-06,655.309998
,2020-01-07,663.440002
,2020-01-08,640.940002
,2020-01-09,666.090027
,2020-01-10,673.030029
,2020-01-13,679.219971
,2020-01-14,678.710022
,2020-01-15,679.159973
,2020-01-16,686.52002
,2020-01-17,688.409973
,2020-01-20,683.469971
,2020-01-21,676.52002
,2020-01-22,688.25
,2020-01-23,685.570007
,2020-01-28,664.700012
,2020-01-29,670.179993
,2020-01-30,656.390015
,2020-01-31,642.47998
,2020-02-03,646.849976
,2020-02-04,661.23999
,2020-02-05,661.320007
,2020-02-06,672.690002
,2020-02-07,672.630005
,2020-02-10,676.070007
,2020-02-11,682.340027
,2020-02-12,686.590027
,2020-02-13,687.609985
,2020-02-14,688.909973
,2020-02-17,692.590027
,2020-02-18,682.919983
,2020-02-19,684.780029
,2020-02-20,681.659973
,2020-02-21,667.98999
,2020-02-24,639.289978
,2020-02-25,656.950012
,2020-02-26,654.630005
,2020-02-27,638.169983
,2020-02-28,610.72998
,2020-03-02,627.659973
,2020-03-03,626.820007
,2020-03-04,641.72998
,2020-03-05,650.190002
,2020-03-06,642.719971
,2020-03-09,614.599976
,2020-03-10,619.969971
,2020-03-11,595.609985
,2020-03-12,563.48999
,2020-03-13,524.0
,2020-03-16,504.51001
,2020-03-17,514.72998
,2020-03-18,485.140015
,2020-03-19,428.350006
,2020-03-20,467.75
,2020-03-23,443.76001
,2020-03-24,480.399994
,2020-03-25,505.679993
,2020-03-26,516.609985
,2020-03-27,522.830017
,2020-03-30,542.109985
,2020-03-31,569.070007
,2020-04-01,551.840027
,2020-04-02,567.700012
,2020-04-03,573.01001
,2020-04-06,597.210022
,2020-04-07,606.900024
,2020-04-08,607.369995
,2020-04-09,615.950012
,2020-04-10,611.26001
,2020-04-13,596.710022
,2020-04-14,610.289978
,2020-04-16,623.429993
,2020-04-17,634.789978
,2020-04-20,637.820007
,2020-04-21,628.77002
,2020-04-22,635.159973
,2020-04-23,643.789978
,2020-04-24,632.960022
,2020-04-27,646.859985
,2020-04-28,644.929993
,2020-04-29,645.179993
,2020-05-04,641.909973
,2020-05-06,658.400024
,2020-05-07,668.169983
,2020-05-08,682.299988
,2020-05-11,685.039978
,2020-05-12,684.210022
,2020-05-13,691.530029
,2020-05-14,690.570007
,2020-05-15,691.929993
,2020-05-18,690.849976
,2020-05-19,696.359985
,2020-05-20,708.76001
,2020-05-21,716.02002
,2020-05-22,708.580017
,2020-05-25,719.890015
,2020-05-26,729.109985
,2020-05-27,724.590027
,2020-05-28,708.75
,2020-05-29,713.679993
,2020-06-01,735.719971
,2020-06-02,743.580017
,2020-06-03,737.659973
,2020-06-04,742.369995
,2020-06-05,749.309998
,2020-06-08,753.039978
,2020-06-09,753.820007
,2020-06-10,758.619995
,2020-06-11,757.059998
,2020-06-12,746.059998
,2020-06-15,693.150024
,2020-06-16,735.380005
,2020-06-17,735.400024
,2020-06-18,737.330017
,2020-06-19,742.030029
,2020-06-22,751.640015
,2020-06-23,753.22998
,2020-06-24,759.5
,2020-06-25,750.359985
,2020-06-26,750.580017
,2020-06-29,734.690002
,2020-06-30,737.969971
,2020-07-01,727.580017
,2020-07-02,742.549988
,2020-07-03,752.179993
,2020-07-06,759.900024
,2020-07-07,759.159973
,2020-07-08,765.960022
,2020-07-09,772.900024
,2020-07-10,772.809998
,2020-07-13,781.190002
,2020-07-14,778.390015
,2020-07-15,781.289978
,2020-07-16,775.070007
,2020-07-17,783.219971
,2020-07-20,781.960022
,2020-07-21,790.580017
,2020-07-22,794.98999
,2020-07-23,801.690002
,2020-07-24,794.799988
,2020-07-27,801.22998
,2020-07-28,807.849976
,2020-07-29,808.590027
,2020-07-30,814.190002
,2020-07-31,815.299988
,2020-08-03,827.570007
,2020-08-04,835.349976
,2020-08-05,847.280029
,2020-08-06,854.119995
,2020-08-07,857.630005
,2020-08-10,862.76001
,2020-08-11,860.22998
,2020-08-12,845.599976
,2020-08-13,854.77002
,2020-08-14,835.030029
,2020-08-18,800.219971
,2020-08-19,818.73999
,2020-08-20,791.140015
,2020-08-21,796.01001
,2020-08-24,815.73999
,2020-08-25,836.309998
,2020-08-26,841.349976
,2020-08-27,836.400024
,2020-08-28,841.299988
,2020-08-31,848.23999
,2020-09-01,853.369995
,2020-09-02,866.73999
,2020-09-03,874.130005
,2020-09-04,866.039978
,2020-09-07,878.880005
,2020-09-08,878.289978
,2020-09-09,869.469971
,2020-09-10,884.299988
,2020-09-11,888.440002
,2020-09-14,894.169983
,2020-09-15,899.460022
,2020-09-16,896.280029
,2020-09-17,885.179993
,2020-09-18,888.880005
,2020-09-21,866.98999
,2020-09-22,842.719971
,2020-09-23,843.450012
,2020-09-24,806.950012
,2020-09-25,808.280029
,2020-09-28,835.909973
,2020-09-29,848.150024
,2020-10-05,858.390015
,2020-10-06,862.580017
,2020-10-07,869.659973
,2020-10-08,871.619995
,2020-10-12,873.5
,2020-10-13,871.919983
,2020-10-14,861.47998
,2020-10-15,844.440002
,2020-10-16,833.840027
,2020-10-19,822.25
,2020-10-20,824.650024
,2020-10-21,830.669983
,2020-10-22,812.700012
,2020-10-23,807.97998
,2020-10-26,778.02002
,2020-10-27,783.72998
,2020-10-28,806.200012
,2020-10-29,813.929993
,2020-10-30,792.650024
,2020-11-02,802.950012
,2020-11-03,818.460022
,2020-11-04,826.969971
,2020-11-05,844.799988
,2020-11-06,836.780029
,2020-11-09,851.210022
,2020-11-10,840.789978
,2020-11-11,839.900024
,2020-11-12,840.080017
,2020-11-13,839.140015
,2020-11-16,847.330017
,2020-11-17,839.469971
,2020-11-18,851.73999
,2020-11-19,859.940002
,2020-11-20,870.179993
,2020-11-23,873.289978
,2020-11-24,872.099976
,2020-11-25,865.119995
,2020-11-26,874.530029
,2020-11-27,885.559998
,2020-11-30,886.109985
,2020-12-01,891.289978
,2020-12-02,899.340027
,2020-12-03,907.609985
,2020-12-04,913.76001
,2020-12-07,926.880005
,2020-12-08,906.840027
,2020-12-09,913.809998
,2020-12-10,921.700012
,2020-12-11,928.440002
,2020-12-14,929.539978
,2020-12-15,931.27002
,2020-12-16,939.650024
,2020-12-17,944.039978
,2020-12-18,947.23999
,2020-12-21,953.580017
,2020-12-22,928.72998
,2020-12-23,923.169983
,2020-12-24,928.679993
,2020-12-28,927.0
,2020-12-29,957.409973
,2020-12-30,968.419983
,2021-01-04,977.619995
,2021-01-05,985.76001
,2021-01-06,981.390015
,2021-01-07,988.859985
,2021-01-08,987.789978
,2021-01-11,976.630005
,2021-01-12,973.719971
,2021-01-13,979.130005
,2021-01-14,980.289978
,2021-01-15,964.440002
,2021-01-18,944.669983
,2021-01-19,957.75
,2021-01-20,977.659973
,2021-01-21,981.400024
,2021-01-22,979.97998
,2021-01-25,999.299988
,2021-01-26,994.0
,2021-01-27,985.919983
,2021-01-28,961.22998
,2021-01-29,928.72998
,2021-02-01,956.919983
,2021-02-02,963.809998
,2021-02-03,970.690002
,2021-02-04,964.580017
,2021-02-05,967.419983
,2021-02-08,960.780029
,2021-02-09,957.849976
,2021-02-10,964.309998
,2021-02-15,981.969971
,2021-02-16,977.73999
,2021-02-17,979.77002
,2021-02-18,967.419983
,2021-02-19,965.109985
,2021-02-22,954.289978
,2021-02-23,936.599976
,2021-02-24,906.309998
,2021-02-25,936.210022
,2021-02-26,913.940002
,2021-03-02,923.169983
,2021-03-03,930.799988
,2021-03-04,926.200012
,2021-03-05,923.47998
,2021-03-08,904.77002
,2021-03-09,896.359985
,2021-03-10,890.070007
,2021-03-11,908.01001
,2021-03-12,925.48999
,2021-03-15,926.900024
,2021-03-16,940.650024
,2021-03-17,943.780029
,2021-03-18,949.830017
,2021-03-19,952.109985
,2021-03-22,955.380005
,2021-03-23,946.309998
,2021-03-24,953.820007
,2021-03-25,954.98999
,2021-03-26,956.700012
,2021-03-29,954.099976
,2021-03-30,958.059998
,2021-03-31,956.169983
,2021-04-01,965.780029
,2021-04-02,970.090027
,2021-04-05,969.77002
,2021-04-06,968.630005
,2021-04-07,973.219971
,2021-04-08,982.02002
,2021-04-09,989.390015
,2021-04-12,1000.650024
,2021-04-13,1010.369995
,2021-04-14,1014.419983
,2021-04-15,1013.900024
,2021-04-16,1021.619995
,2021-04-19,1029.459961
,2021-04-20,1031.880005
,2021-04-21,1022.219971
,2021-04-22,1025.709961
,2021-04-23,1026.819946
,2021-04-26,1030.060059
,2021-04-27,1021.01001
,2021-04-28,998.27002
,2021-04-29,990.690002
,2021-04-30,983.450012
,2021-05-03,961.809998
,2021-05-04,967.200012
,2021-05-06,969.98999
,2021-05-07,978.299988
,2021-05-10,992.799988
,2021-05-11,978.609985
,2021-05-12,967.099976
,2021-05-13,951.77002
,2021-05-14,966.719971
,2021-05-17,962.5
,2021-05-18,969.099976
,2021-05-20,971.130005
,2021-05-21,965.630005
,2021-05-24,948.369995
,2021-05-25,962.070007
,2021-05-26,966.059998
,2021-05-27,974.080017
,2021-05-28,977.460022
,2021-05-31,981.780029
,2021-06-01,984.590027
,2021-06-02,981.099976
,2021-06-03,990.190002
,2021-06-04,987.580017
,2021-06-07,985.859985
,2021-06-08,986.119995
,2021-06-09,978.789978
,2021-06-10,987.77002
,2021-06-11,991.130005
,2021-06-14,997.409973
,2021-06-15,997.369995
,2021-06-16,998.48999
,2021-06-17,1003.719971
,2021-06-18,1015.880005
,2021-06-21,1010.98999
,2021-06-22,1011.559998
,2021-06-23,1016.460022
,2021-06-24,1012.619995
,2021-06-25,1012.130005
,2021-06-28,1017.909973
,2021-06-29,1022.52002
,2021-06-30,1029.959961
,2021-07-01,1035.640015
,2021-07-02,1038.180054
,2021-07-05,1047.329956
,2021-07-06,1044.959961
,2021-07-07,1047.359985
,2021-07-08,1034.47998
,2021-07-09,1028.930054
,2021-07-12,1034.640015
,2021-07-13,1043.310059
,2021-07-14,1044.97998
,2021-07-15,1054.310059
,2021-07-16,1051.97998
,2021-07-19,1049.829956
,2021-07-20,1043.640015
,2021-07-21,1042.030029
,2021-07-22,1050.25
,2021-07-23,1055.5
,2021-07-26,1047.630005
,2021-07-27,1046.550049
,2021-07-28,1035.680054
,2021-07-29,1044.130005
,2021-07-30,1031.140015
,2021-08-02,1037.800049
,2021-08-03,1036.109985
,2021-08-04,1047.930054
,2021-08-05,1059.540039
,2021-08-06,1059.800049
,2021-08-09,1060.0
,2021-08-10,1052.069946
,2021-08-11,1051.920044
,2021-08-12,1054.089966
,2021-08-13,1040.780029
,2021-08-17,1011.049988
,2021-08-18,1021.080017
,2021-08-19,991.150024
,2021-08-20,967.900024
,2021-08-23,993.179993
,2021-08-24,1013.179993
,2021-08-25,1017.780029
,2021-08-26,1020.440002
,2021-08-27,1023.51001
,2021-08-30,1031.839966
,2021-08-31,1038.329956
,2021-09-01,1045.97998
,2021-09-02,1047.189941
,2021-09-03,1053.849976
,2021-09-06,1052.959961
,2021-09-07,1054.430054
,2021-09-08,1037.219971
,2021-09-09,1034.619995
,2021-09-10,1037.910034
,2021-09-13,1026.339966
,2021-09-14,1037.73999
,2021-09-15,1042.790039
,2021-09-16,1039.430054
,2021-09-17,1046.119995
,2021-09-23,1036.26001
,2021-09-24,1037.030029
,2021-09-27,1034.819946
,2021-09-28,1012.51001
,2021-09-29,1001.460022
,2021-09-30,1003.27002
,2021-10-01,983.200012
,2021-10-05,955.369995
,2021-10-06,922.359985
,2021-10-07,953.429993
,2021-10-08,953.109985
,2021-10-12,940.150024
,2021-10-13,953.469971
,2021-10-14,983.429993
,2021-10-15,990.539978
,2021-10-18,993.859985
,2021-10-19,1005.349976
,2021-10-20,1001.619995
,2021-10-21,993.700012
,2021-10-22,995.070007
,2021-10-25,994.309998
,2021-10-26,1011.76001
,2021-10-27,1008.950012
,2021-10-28,1000.130005
,2021-10-29,992.330017
,2021-11-01,998.570007
,2021-11-02,1009.440002
,2021-11-03,1005.0
,2021-11-04,1001.429993
,2021-11-05,1001.349976
,2021-11-08,1002.5
,2021-11-09,1008.679993
,2021-11-10,987.75
,2021-11-11,992.650024
,2021-11-12,1009.070007
,2021-11-15,1029.030029
,2021-11-16,1035.459961
,2021-11-17,1031.26001
,2021-11-18,1032.77002
,2021-11-19,1041.920044
,2021-11-22,1032.310059
,2021-11-23,1013.719971
,2021-11-24,1020.130005
,2021-11-25,1015.659973
,2021-11-26,1005.890015
,2021-11-29,992.340027
,2021-11-30,965.630005
,2021-12-01,977.150024
,2021-12-02,977.429993
,2021-12-03,998.469971
,2021-12-06,991.869995
,2021-12-07,996.640015
,2021-12-08,1006.039978
,2021-12-09,1022.869995
,2021-12-10,1011.570007
,2021-12-13,1005.960022
,2021-12-14,1002.809998
,2021-12-15,1003.52002
,2021-12-16,1007.859985
,2021-12-17,1001.26001
,2021-12-20,990.51001
,2021-12-21,996.599976
,2021-12-22,1000.130005
,2021-12-23,1003.309998
,2021-12-24,1007.419983
,2021-12-27,1011.359985
,2021-12-28,1027.439941
,2021-12-29,1028.050049
,2021-12-30,1033.97998
,2022-01-04,1031.660034
,2022-01-05,1009.619995
,2022-01-06,980.299988
,2022-01-07,995.159973
,2022-01-10,980.380005
,2022-01-11,969.919983
,2022-01-12,991.330017
,2022-01-13,983.25
,2022-01-14,971.390015
,2022-01-17,957.900024
,2022-01-18,943.940002
,2022-01-19,933.900024
,2022-01-20,958.700012
,2022-01-21,942.849976
,2022-01-24,915.400024
,2022-01-25,889.440002
,2022-01-26,882.090027
,2022-01-27,849.22998
,2022-01-28,872.869995
,2022-02-03,891.599976
,2022-02-04,902.869995
,2022-02-07,899.400024
,2022-02-08,895.27002
,2022-02-09,910.530029
,2022-02-10,895.679993
,2022-02-11,877.419983
,2022-02-14,852.789978
,2022-02-15,839.919983
,2022-02-16,878.150024
,2022-02-17,874.219971
,2022-02-18,881.710022
,2022-02-21,884.25
,2022-02-22,868.109985
,2022-02-23,877.330017
,2022-02-24,848.210022
,2022-02-25,872.97998
,2022-02-28,881.070007
,2022-03-02,895.450012
,2022-03-03,912.320007
,2022-03-04,900.960022
,2022-03-07,881.539978
,2022-03-08,870.140015
,2022-03-10,889.080017
,2022-03-11,891.710022
,2022-03-14,872.440002
,2022-03-15,871.219971
,2022-03-16,891.799988
,2022-03-17,914.130005
,2022-03-18,922.960022
,2022-03-21,918.400024
,2022-03-22,924.669983
,2022-03-23,930.570007
,2022-03-24,931.75
,2022-03-25,934.690002
,2022-03-28,927.109985
,2022-03-29,937.830017
,2022-03-30,939.070007
,2022-03-31,944.530029
,2022-04-01,940.570007
,2022-04-04,947.320007
,2022-04-05,952.469971
,2022-04-06,943.130005
,2022-04-07,927.950012
,2022-04-08,934.72998
,2022-04-11,921.830017
,2022-04-12,913.820007
,2022-04-13,927.309998
,2022-04-14,928.01001
,2022-04-15,924.440002
,2022-04-18,918.22998
,2022-04-19,931.559998
,2022-04-20,928.929993
,2022-04-21,929.679993
,2022-04-22,922.780029
,2022-04-25,899.840027
,2022-04-26,911.159973
,2022-04-27,896.179993
,2022-04-28,892.219971
,2022-04-29,904.75
,2022-05-02,901.820007
,2022-05-03,907.570007
,2022-05-04,900.059998
,2022-05-06,884.219971
,2022-05-10,856.140015
,2022-05-11,866.340027
,2022-05-12,833.659973
,2022-05-13,853.080017
,2022-05-16,856.25
,2022-05-17,865.97998
,2022-05-18,865.97998
,2022-05-19,863.799988
,2022-05-20,879.880005
,2022-05-23,883.590027
,2022-05-24,865.070007
,2022-05-25,872.690002
,2022-05-26,871.429993
,2022-05-27,873.969971
,2022-05-30,886.440002
,2022-05-31,893.359985
,2022-06-02,891.140015
,2022-06-03,891.51001
,2022-06-07,873.780029
,2022-06-08,874.950012
,2022-06-09,877.179993
,2022-06-10,869.859985
,2022-06-13,828.77002
,2022-06-14,823.580017
,2022-06-15,799.409973
,2022-06-16,802.150024
,2022-06-17,798.690002
,2022-06-20,769.919983
,2022-06-21,778.299988
,2022-06-22,746.960022
,2022-06-23,714.380005
,2022-06-24,750.299988
,2022-06-27,770.599976
,2022-06-28,769.51001
,2022-06-29,762.349976
,2022-06-30,745.440002
,2022-07-01,729.47998
,2022-07-04,722.72998
,2022-07-05,750.950012
,2022-07-06,744.630005
,2022-07-07,757.969971
,2022-07-08,766.47998
,2022-07-11,767.039978
,2022-07-12,750.780029
,2022-07-13,763.179993
,2022-07-14,766.080017
,2022-07-15,762.390015
,2022-07-18,776.719971
,2022-07-19,782.330017
,2022-07-20,790.719971
,2022-07-21,795.150024
,2022-07-22,789.75
,2022-07-25,789.690002
,2022-07-26,789.929993
,2022-07-27,795.700012
,2022-07-28,798.320007
,2022-07-29,803.619995
,2022-08-01,807.609985
,2022-08-02,804.340027
,2022-08-03,815.359985
,2022-08-04,825.159973
,2022-08-05,831.640015
,2022-08-08,830.859985
,2022-08-09,833.650024
,2022-08-10,820.27002
,2022-08-11,832.150024
,2022-08-12,831.630005
,2022-08-16,834.73999
,2022-08-17,827.419983
,2022-08-18,826.059998
,2022-08-19,814.169983
,2022-08-22,795.869995
,2022-08-23,783.419983
,2022-08-24,793.140015
,2022-08-25,807.369995
,2022-08-26,802.450012
,2022-08-29,779.890015
,2022-08-30,797.02002
,2022-08-31,807.039978
,2022-09-01,788.320007
,2022-09-02,785.880005
,2022-09-05,771.429993
,2022-09-06,779.460022
,2022-09-07,768.190002
,2022-09-08,777.809998
,2022-09-13,796.789978
,2022-09-14,782.929993
,2022-09-15,781.380005
,2022-09-16,770.039978
,2022-09-19,751.909973
,2022-09-20,760.349976
,2022-09-21,754.890015
,2022-09-22,751.409973
,2022-09-23,729.359985
,2022-09-26,692.369995
,2022-09-27,698.109985
,2022-09-28,673.869995
,2022-09-29,675.070007
,2022-09-30,672.650024
,2022-10-04,696.789978
,2022-10-05,685.340027
,2022-10-06,706.01001
,2022-10-07,698.48999
,2022-10-11,669.5
,2022-10-12,671.669983
,2022-10-13,651.590027
,2022-10-14,678.23999
,2022-10-17,682.0
,2022-10-18,697.090027
,2022-10-19,690.559998
,2022-10-20,680.440002
,2022-10-21,674.47998
,2022-10-24,688.5
,2022-10-25,688.849976
,2022-10-26,683.169983
,2022-10-27,695.090027
,2022-10-28,687.630005
,2022-10-31,695.330017
,2022-11-01,700.049988
,2022-11-02,697.369995
,2022-11-03,694.130005
,2022-11-04,693.890015
,2022-11-07,700.47998
,2022-11-08,713.330017
,2022-11-09,714.599976
,2022-11-10,707.780029
,2022-11-11,731.219971
,2022-11-14,729.539978
,2022-11-15,744.960022
,2022-11-16,743.099976
,2022-11-17,737.539978
,2022-11-18,731.919983
,2022-11-21,718.570007
,2022-11-22,712.26001
,2022-11-23,725.590027
,2022-11-24,738.219971
,2022-11-25,733.559998
,2022-11-28,717.900024
,2022-11-29,727.539978
,2022-11-30,729.539978
,2022-12-01,740.599976
,2022-12-02,732.950012
,2022-12-05,733.320007
,2022-12-06,719.440002
,2022-12-07,718.140015
,2022-12-08,712.52002
,2022-12-09,719.48999
,2022-12-12,715.219971
,2022-12-13,715.159973
,2022-12-14,729.0
,2022-12-15,722.679993
,2022-12-16,717.409973
,2022-12-19,717.219971
,2022-12-20,703.130005
,2022-12-21,705.700012
,2022-12-22,715.02002
,2022-12-23,691.25
,2022-12-26,
,2022-12-27,704.190002
,2022-12-28,692.369995
,2022-12-29,679.289978
,2023-01-02,671.51001
,2023-01-03,674.950012
,2023-01-04,683.669983
,2023-01-05,679.919983
,2023-01-06,688.940002
,2023-01-09,701.210022
,2023-01-10,696.049988
,2023-01-11,709.77002
,2023-01-12,710.820007
,2023-01-13,711.820007
,2023-01-16,716.890015
,2023-01-17,709.710022
,2023-01-18,711.75
,2023-01-19,712.890015
,2023-01-20,717.969971
,2023-01-25,732.349976
,2023-01-26,738.940002
,2023-01-27,741.25
,2023-01-30,738.619995
,2023-01-31,740.48999
,2023-02-01,750.960022
,2023-02-02,764.619995
,2023-02-03,766.789978
,2023-02-06,761.330017
,2023-02-07,772.789978
,2023-02-08,779.97998
,2023-02-09,784.580017
,2023-02-10,772.440002
,2023-02-13,772.549988
,2023-02-14,779.580017
,2023-02-15,765.460022
,2023-02-16,784.710022
,2023-02-17,775.619995
,2023-02-20,788.890015
,2023-02-21,793.419983
,2023-02-22,778.51001
,2023-02-23,783.280029
,2023-02-24,778.880005
,2023-02-27,780.299988
,2023-02-28,791.599976
,2023-03-02,787.190002
,2023-03-03,802.419983
,2023-03-06,816.51001
,2023-03-07,815.76001
,2023-03-08,813.950012
,2023-03-09,809.219971
,2023-03-10,788.599976
,2023-03-13,788.890015
,2023-03-14,758.049988
,2023-03-15,781.169983
,2023-03-16,781.97998
,2023-03-17,797.390015
,2023-03-20,802.200012
,2023-03-21,802.530029
,2023-03-22,813.429993
,2023-03-23,812.190002
,2023-03-24,824.109985
,2023-03-27,827.690002
,2023-03-28,833.51001
,2023-03-29,843.940002
,2023-03-30,850.47998
,2023-03-31,847.52002
,2023-04-03,854.960022
,2023-04-04,857.179993
,2023-04-05,872.359985
,2023-04-06,865.580017
,2023-04-07,880.070007
,2023-04-10,887.780029
,2023-04-11,898.940002
,2023-04-12,890.619995
,2023-04-13,894.25
,2023-04-14,903.840027
,2023-04-17,909.5
,2023-04-18,909.02002
,2023-04-19,909.200012
,2023-04-20,885.710022
,2023-04-21,868.820007
,2023-04-24,855.22998
,2023-04-25,838.710022
,2023-04-26,830.440002
,2023-04-27,850.210022
,2023-04-28,842.830017
,2023-05-02,855.609985
,2023-05-03,843.179993
,2023-05-04,845.059998
,2023-05-08,842.280029
,2023-05-09,835.849976
,2023-05-10,829.73999
,2023-05-11,824.539978
,2023-05-12,822.429993
,2023-05-15,814.530029
,2023-05-16,816.75
,2023-05-17,834.190002
,2023-05-18,835.890015
,2023-05-19,841.719971
,2023-05-22,852.039978
,2023-05-23,859.159973
,2023-05-24,855.460022
,2023-05-25,847.719971
,2023-05-26,843.22998
,2023-05-30,851.5
,2023-05-31,856.940002
,2023-06-01,863.780029
,2023-06-02,868.059998
,2023-06-05,870.280029
,2023-06-07,880.719971